<?xml version='1.0' encoding='utf-8'?>
<kml xmlns="http://www.opengis.net/kml/2.2"><Document><name>SPICE ES sites and peak-hour decisions</name><LookAt><longitude>126.978</longitude><latitude>37.56</latitude><range>48000</range><tilt>0</tilt><heading>0</heading></LookAt><Style id="pop0"><PolyStyle><color>c75c0846</color><outline>0</outline></PolyStyle></Style><Style id="pop1"><PolyStyle><color>c76a1848</color><outline>0</outline></PolyStyle></Style><Style id="pop2"><PolyStyle><color>c7762548</color><outline>0</outline></PolyStyle></Style><Style id="pop3"><PolyStyle><color>c77f3346</color><outline>0</outline></PolyStyle></Style><Style id="pop4"><PolyStyle><color>c7864042</color><outline>0</outline></PolyStyle></Style><Style id="pop5"><PolyStyle><color>c78a4c3e</color><outline>0</outline></PolyStyle></Style><Style id="pop6"><PolyStyle><color>c78c5838</color><outline>0</outline></PolyStyle></Style><Style id="pop7"><PolyStyle><color>c78d6333</color><outline>0</outline></PolyStyle></Style><Style id="pop8"><PolyStyle><color>c78e6d2e</color><outline>0</outline></PolyStyle></Style><Style id="pop9"><PolyStyle><color>c78e772a</color><outline>0</outline></PolyStyle></Style><Style id="pop10"><PolyStyle><color>c78e8226</color><outline>0</outline></PolyStyle></Style><Style id="pop11"><PolyStyle><color>c78d8b22</color><outline>0</outline></PolyStyle></Style><Style id="pop12"><PolyStyle><color>c78b951f</color><outline>0</outline></PolyStyle></Style><Style id="pop13"><PolyStyle><color>c788a01f</color><outline>0</outline></PolyStyle></Style><Style id="pop14"><PolyStyle><color>c783a923</color><outline>0</outline></PolyStyle></Style><Style id="pop15"><PolyStyle><color>c77cb32e</color><outline>0</outline></PolyStyle></Style><Style id="pop16"><PolyStyle><color>c773bc3f</color><outline>0</outline></PolyStyle></Style><Style id="pop17"><PolyStyle><color>c769c552</color><outline>0</outline></PolyStyle></Style><Style id="pop18"><PolyStyle><color>c75bcd69</color><outline>0</outline></PolyStyle></Style><Style id="pop19"><PolyStyle><color>c74bd484</color><outline>0</outline></PolyStyle></Style><Style id="pop20"><PolyStyle><color>c73bd99d</color><outline>0</outline></PolyStyle></Style><Style id="pop21"><PolyStyle><color>c728deba</color><outline>0</outline></PolyStyle></Style><Style id="pop22"><PolyStyle><color>c719e2d8</color><outline>0</outline></PolyStyle></Style><Style id="pop23"><PolyStyle><color>c71de5f1</color><outline>0</outline></PolyStyle></Style><Style id="local"><IconStyle><color>ff777777</color><scale>0.55</scale></IconStyle><LabelStyle><scale>0</scale></LabelStyle></Style><Style id="edge"><IconStyle><color>ffa87900</color><scale>0.55</scale></IconStyle><LabelStyle><scale>0</scale></LabelStyle></Style><Style id="cloud"><IconStyle><color>ffa3468b</color><scale>0.55</scale></IconStyle><LabelStyle><scale>0</scale></LabelStyle></Style><Style id="site"><IconStyle><color>ff006fe7</color><scale>1.35</scale></IconStyle><LabelStyle><scale>1</scale></LabelStyle></Style><Style id="boundary"><LineStyle><color>ff222222</color><width>2</width></LineStyle><PolyStyle><fill>0</fill></PolyStyle></Style><Style id="district"><LineStyle><color>ff999999</color><width>0.7</width></LineStyle><PolyStyle><fill>0</fill></PolyStyle></Style><Style id="link"><LineStyle><color>aaa87900</color><width>1</width></LineStyle><PolyStyle><fill>0</fill></PolyStyle></Style><Placemark><name>ES 1</name><styleUrl>#site</styleUrl><ExtendedData><Data name="name"><value>ES 1</value></Data><Data name="server_id"><value>es1</value></Data><Data name="computing_capacity_gflops"><value>200</value></Data><Data name="bandwidth_mhz"><value>20.0</value></Data></ExtendedData><description>name: ES 1; server_id: es1; computing_capacity_gflops: 200; bandwidth_mhz: 20.0</description><Point><coordinates>126.907564703,37.532204887,0</coordinates></Point></Placemark><Placemark><name>ES 2</name><styleUrl>#site</styleUrl><ExtendedData><Data name="name"><value>ES 2</value></Data><Data name="server_id"><value>es2</value></Data><Data name="computing_capacity_gflops"><value>240</value></Data><Data name="bandwidth_mhz"><value>24.0</value></Data></ExtendedData><description>name: ES 2; server_id: es2; computing_capacity_gflops: 240; bandwidth_mhz: 24.0</description><Point><coordinates>127.062491433,37.561498612,0</coordinates></Point></Placemark><Placemark><name>Nearest-ES boundary</name><styleUrl>#boundary</styleUrl><MultiGeometry><LineString><tessellate>1</tessellate><coordinates>127.012220204,37.455537437,0 126.978366457,37.569153535,0</coordinates></LineString><LineString><tessellate>1</tessellate><coordinates>126.978362299,37.569167468,0 126.960296274,37.629649945,0</coordinates></LineString><LineString><tessellate>1</tessellate><coordinates>126.960163864,37.630092854,0 126.952693647,37.655071556,0</coordinates></LineString></MultiGeometry></Placemark><Placemark><name>종로구</name><styleUrl>#district</styleUrl><Polygon><tessellate>1</tessellate><outerBoundaryIs><LinearRing><coordinates>126.975080000,37.631180000,0 126.974680000,37.629810000,0 126.974970000,37.629030000,0 126.978420000,37.629290000,0 126.979930000,37.628550000,0 126.980190000,37.627930000,0 126.979600000,37.626370000,0 126.981850000,37.624310000,0 126.983650000,37.621150000,0 126.983160000,37.619230000,0 126.983710000,37.617760000,0 126.984540000,37.615980000,0 126.986580000,37.613970000,0 126.985640000,37.611400000,0 126.985870000,37.609470000,0 126.986820000,37.608870000,0 126.986100000,37.607390000,0 126.986760000,37.606090000,0 126.986670000,37.604020000,0 126.983960000,37.603220000,0 126.982870000,37.602130000,0 126.978520000,37.600990000,0 126.977680000,37.600240000,0 126.976720000,37.597900000,0 126.977950000,37.597680000,0 126.978740000,37.596630000,0 126.981490000,37.595340000,0 126.983840000,37.594440000,0 126.985430000,37.594450000,0 126.986700000,37.592750000,0 126.989220000,37.591260000,0 126.991650000,37.591450000,0 126.992160000,37.592000000,0 126.993860000,37.591420000,0 126.995350000,37.592270000,0 127.000980000,37.592320000,0 127.001830000,37.591250000,0 127.001470000,37.590150000,0 127.002220000,37.589170000,0 127.003390000,37.588570000,0 127.004250000,37.587180000,0 127.005870000,37.586970000,0 127.006630000,37.586120000,0 127.007270000,37.583330000,0 127.006750000,37.582340000,0 127.008640000,37.580460000,0 127.010590000,37.580250000,0 127.011790000,37.581570000,0 127.013250000,37.581450000,0 127.014830000,37.582330000,0 127.016730000,37.581690000,0 127.018300000,37.579030000,0 127.017670000,37.578110000,0 127.018090000,37.577570000,0 127.021400000,37.578870000,0 127.023140000,37.578020000,0 127.023360000,37.571910000,0 127.020750000,37.571720000,0 127.015880000,37.569760000,0 127.002260000,37.569620000,0 126.990150000,37.568140000,0 126.986640000,37.568230000,0 126.982330000,37.569050000,0 126.973210000,37.569320000,0 126.971920000,37.568290000,0 126.971180000,37.568820000,0 126.969100000,37.568250000,0 126.966700000,37.565820000,0 126.953560000,37.578750000,0 126.955680000,37.579680000,0 126.957200000,37.579820000,0 126.957220000,37.580350000,0 126.958170000,37.580980000,0 126.957570000,37.582300000,0 126.958000000,37.584440000,0 126.957370000,37.587080000,0 126.957830000,37.591460000,0 126.957510000,37.593550000,0 126.959030000,37.595060000,0 126.958270000,37.597790000,0 126.957710000,37.598370000,0 126.955410000,37.599270000,0 126.953060000,37.598760000,0 126.953360000,37.600170000,0 126.952380000,37.602480000,0 126.954040000,37.605070000,0 126.952700000,37.605910000,0 126.952550000,37.606650000,0 126.950560000,37.608360000,0 126.950340000,37.609090000,0 126.950380000,37.610630000,0 126.949830000,37.611660000,0 126.950730000,37.613530000,0 126.950720000,37.615540000,0 126.949850000,37.618760000,0 126.949890000,37.620900000,0 126.948900000,37.623260000,0 126.949000000,37.624340000,0 126.950450000,37.626420000,0 126.956350000,37.628210000,0 126.958810000,37.629590000,0 126.963770000,37.629790000,0 126.965230000,37.630770000,0 126.968240000,37.630730000,0 126.973030000,37.632370000,0 126.975390000,37.631730000,0 126.975080000,37.631180000,0</coordinates></LinearRing></outerBoundaryIs></Polygon></Placemark><Placemark><name>중구</name><styleUrl>#district</styleUrl><Polygon><tessellate>1</tessellate><outerBoundaryIs><LinearRing><coordinates>127.023140000,37.571960000,0 127.023580000,37.565200000,0 127.026780000,37.565040000,0 127.026530000,37.563390000,0 127.023440000,37.560830000,0 127.022390000,37.559030000,0 127.022850000,37.558960000,0 127.022920000,37.557860000,0 127.021900000,37.557480000,0 127.020870000,37.557820000,0 127.018070000,37.556890000,0 127.016830000,37.554450000,0 127.016960000,37.553610000,0 127.016150000,37.552640000,0 127.012170000,37.549420000,0 127.011600000,37.548490000,0 127.009670000,37.547890000,0 127.008150000,37.545030000,0 127.008980000,37.544130000,0 127.007260000,37.543860000,0 127.005020000,37.546170000,0 127.006130000,37.548210000,0 127.004690000,37.548690000,0 127.004340000,37.550210000,0 127.002830000,37.549630000,0 127.001680000,37.550060000,0 126.998320000,37.549700000,0 126.996750000,37.548520000,0 126.996360000,37.547450000,0 126.995220000,37.547230000,0 126.994460000,37.547490000,0 126.992370000,37.550060000,0 126.990240000,37.551280000,0 126.987560000,37.551490000,0 126.985420000,37.553710000,0 126.984030000,37.553040000,0 126.981720000,37.553860000,0 126.980850000,37.553860000,0 126.980550000,37.553250000,0 126.978730000,37.553200000,0 126.978800000,37.554090000,0 126.976550000,37.555220000,0 126.976430000,37.553090000,0 126.974350000,37.553550000,0 126.972410000,37.554880000,0 126.971470000,37.554860000,0 126.971790000,37.554200000,0 126.971440000,37.554020000,0 126.969890000,37.554010000,0 126.969950000,37.554880000,0 126.969330000,37.554310000,0 126.969180000,37.555660000,0 126.965710000,37.554150000,0 126.962410000,37.551590000,0 126.962050000,37.553850000,0 126.961630000,37.553370000,0 126.961740000,37.554990000,0 126.963440000,37.556850000,0 126.963100000,37.558220000,0 126.961570000,37.558420000,0 126.961680000,37.559030000,0 126.963980000,37.559460000,0 126.966830000,37.561270000,0 126.969460000,37.561980000,0 126.966700000,37.565820000,0 126.969100000,37.568250000,0 126.971180000,37.568820000,0 126.971920000,37.568290000,0 126.973210000,37.569320000,0 126.975790000,37.569410000,0 126.988950000,37.568100000,0 127.002260000,37.569620000,0 127.015300000,37.569700000,0 127.017280000,37.570050000,0 127.020750000,37.571720000,0 127.023140000,37.571960000,0</coordinates></LinearRing></outerBoundaryIs></Polygon></Placemark><Placemark><name>용산구</name><styleUrl>#district</styleUrl><Polygon><tessellate>1</tessellate><outerBoundaryIs><LinearRing><coordinates>126.969170000,37.554880000,0 126.969730000,37.554290000,0 126.969950000,37.554880000,0 126.969670000,37.554100000,0 126.970590000,37.553880000,0 126.971790000,37.554200000,0 126.971490000,37.554880000,0 126.972410000,37.554880000,0 126.974350000,37.553550000,0 126.976430000,37.553090000,0 126.976550000,37.555220000,0 126.978800000,37.554090000,0 126.978730000,37.553200000,0 126.980550000,37.553250000,0 126.980850000,37.553860000,0 126.981720000,37.553860000,0 126.984030000,37.553040000,0 126.985420000,37.553710000,0 126.987560000,37.551490000,0 126.990240000,37.551280000,0 126.992370000,37.550060000,0 126.994460000,37.547490000,0 126.995220000,37.547230000,0 126.996360000,37.547450000,0 126.996750000,37.548520000,0 126.998320000,37.549700000,0 127.001680000,37.550060000,0 127.002830000,37.549630000,0 127.004340000,37.550210000,0 127.004690000,37.548690000,0 127.006130000,37.548210000,0 127.005020000,37.546170000,0 127.007260000,37.543860000,0 127.008980000,37.544130000,0 127.008700000,37.541990000,0 127.009590000,37.539640000,0 127.011480000,37.539030000,0 127.013900000,37.539070000,0 127.015010000,37.538300000,0 127.017530000,37.537650000,0 127.017440000,37.534000000,0 127.014900000,37.532210000,0 127.006460000,37.523440000,0 126.990700000,37.513090000,0 126.985550000,37.506540000,0 126.978190000,37.506550000,0 126.975260000,37.507010000,0 126.966920000,37.509880000,0 126.961910000,37.513120000,0 126.949890000,37.517520000,0 126.949880000,37.527030000,0 126.944590000,37.533790000,0 126.945090000,37.534960000,0 126.946280000,37.535690000,0 126.947380000,37.535220000,0 126.947480000,37.535820000,0 126.948790000,37.535580000,0 126.951280000,37.536290000,0 126.953360000,37.537490000,0 126.954100000,37.538930000,0 126.955730000,37.539470000,0 126.956980000,37.541640000,0 126.958350000,37.542760000,0 126.957430000,37.543170000,0 126.957460000,37.544010000,0 126.958040000,37.544600000,0 126.957920000,37.545500000,0 126.960050000,37.546070000,0 126.961100000,37.547610000,0 126.961770000,37.547600000,0 126.961990000,37.548590000,0 126.963730000,37.548860000,0 126.963960000,37.549720000,0 126.962330000,37.551540000,0 126.965710000,37.554150000,0 126.969180000,37.555660000,0 126.969170000,37.554880000,0</coordinates></LinearRing></outerBoundaryIs></Polygon></Placemark><Placemark><name>성동구</name><styleUrl>#district</styleUrl><Polygon><tessellate>1</tessellate><outerBoundaryIs><LinearRing><coordinates>127.040020000,37.572990000,0 127.041910000,37.572970000,0 127.047950000,37.570380000,0 127.058760000,37.562310000,0 127.071060000,37.560550000,0 127.073740000,37.559410000,0 127.056210000,37.528320000,0 127.046040000,37.534240000,0 127.040390000,37.535820000,0 127.021180000,37.535820000,0 127.017440000,37.534000000,0 127.017530000,37.537650000,0 127.015010000,37.538300000,0 127.013900000,37.539070000,0 127.009950000,37.539390000,0 127.009340000,37.539970000,0 127.008700000,37.541990000,0 127.009050000,37.543980000,0 127.008150000,37.545030000,0 127.009200000,37.546420000,0 127.009310000,37.547460000,0 127.011600000,37.548490000,0 127.012170000,37.549420000,0 127.016150000,37.552640000,0 127.016960000,37.553610000,0 127.016830000,37.554450000,0 127.018070000,37.556890000,0 127.020870000,37.557820000,0 127.021900000,37.557480000,0 127.022920000,37.557860000,0 127.022850000,37.558960000,0 127.022390000,37.559030000,0 127.023440000,37.560830000,0 127.026620000,37.563580000,0 127.026780000,37.565040000,0 127.023580000,37.565200000,0 127.023390000,37.571910000,0 127.025210000,37.570850000,0 127.026160000,37.571240000,0 127.027680000,37.570410000,0 127.031260000,37.569800000,0 127.035590000,37.571980000,0 127.038130000,37.572270000,0 127.038180000,37.573020000,0 127.040020000,37.572990000,0</coordinates></LinearRing></outerBoundaryIs></Polygon></Placemark><Placemark><name>광진구</name><styleUrl>#district</styleUrl><Polygon><tessellate>1</tessellate><outerBoundaryIs><LinearRing><coordinates>127.101660000,37.572400000,0 127.103130000,37.572280000,0 127.104230000,37.571390000,0 127.103460000,37.570050000,0 127.101200000,37.561580000,0 127.101860000,37.559490000,0 127.104280000,37.557560000,0 127.104930000,37.556420000,0 127.106400000,37.556460000,0 127.108540000,37.558250000,0 127.109530000,37.558550000,0 127.110350000,37.558250000,0 127.112300000,37.559000000,0 127.113860000,37.558430000,0 127.113310000,37.556830000,0 127.115230000,37.556760000,0 127.114090000,37.554080000,0 127.111550000,37.550510000,0 127.111470000,37.546930000,0 127.108280000,37.541410000,0 127.090140000,37.527010000,0 127.085630000,37.524760000,0 127.079970000,37.522950000,0 127.076940000,37.522510000,0 127.068660000,37.523870000,0 127.056220000,37.528320000,0 127.073740000,37.559410000,0 127.072390000,37.559960000,0 127.074090000,37.564600000,0 127.076880000,37.567930000,0 127.078200000,37.571870000,0 127.088180000,37.570850000,0 127.088400000,37.570180000,0 127.090490000,37.569700000,0 127.095600000,37.570610000,0 127.095840000,37.571340000,0 127.099440000,37.572740000,0 127.100850000,37.573760000,0 127.101660000,37.572400000,0</coordinates></LinearRing></outerBoundaryIs></Polygon></Placemark><Placemark><name>동대문구</name><styleUrl>#district</styleUrl><Polygon><tessellate>1</tessellate><outerBoundaryIs><LinearRing><coordinates>127.069370000,37.608280000,0 127.069380000,37.607470000,0 127.070260000,37.607030000,0 127.071060000,37.607620000,0 127.071530000,37.604640000,0 127.072870000,37.601330000,0 127.071980000,37.599600000,0 127.069480000,37.597240000,0 127.069430000,37.595120000,0 127.070720000,37.591890000,0 127.070300000,37.589530000,0 127.072640000,37.586510000,0 127.072160000,37.584960000,0 127.076190000,37.580270000,0 127.077230000,37.572920000,0 127.078200000,37.571870000,0 127.076880000,37.567930000,0 127.074090000,37.564600000,0 127.072390000,37.559960000,0 127.071060000,37.560550000,0 127.058760000,37.562310000,0 127.047950000,37.570380000,0 127.041910000,37.572970000,0 127.038180000,37.573020000,0 127.038130000,37.572270000,0 127.035590000,37.571980000,0 127.031000000,37.569780000,0 127.027680000,37.570410000,0 127.026160000,37.571240000,0 127.025210000,37.570850000,0 127.023360000,37.571910000,0 127.023300000,37.578430000,0 127.029540000,37.582680000,0 127.032300000,37.585680000,0 127.032060000,37.585860000,0 127.035540000,37.588950000,0 127.036330000,37.590140000,0 127.036220000,37.591190000,0 127.038760000,37.591270000,0 127.040630000,37.595680000,0 127.040760000,37.595290000,0 127.041390000,37.595500000,0 127.041840000,37.596460000,0 127.043010000,37.596960000,0 127.043710000,37.596270000,0 127.045500000,37.596620000,0 127.047330000,37.596140000,0 127.051010000,37.601170000,0 127.052100000,37.600150000,0 127.053920000,37.600420000,0 127.055070000,37.601320000,0 127.055430000,37.601020000,0 127.057380000,37.601540000,0 127.057330000,37.601190000,0 127.059170000,37.601040000,0 127.060200000,37.601730000,0 127.060170000,37.603160000,0 127.062200000,37.605130000,0 127.064950000,37.605860000,0 127.066190000,37.605530000,0 127.067330000,37.606280000,0 127.067320000,37.606780000,0 127.067880000,37.606820000,0 127.067840000,37.608010000,0 127.068850000,37.608210000,0 127.068850000,37.609010000,0 127.069370000,37.609020000,0 127.069370000,37.608280000,0</coordinates></LinearRing></outerBoundaryIs></Polygon></Placemark><Placemark><name>중랑구</name><styleUrl>#district</styleUrl><Polygon><tessellate>1</tessellate><outerBoundaryIs><LinearRing><coordinates>127.111310000,37.620690000,0 127.115720000,37.619630000,0 127.116200000,37.618930000,0 127.115870000,37.618580000,0 127.117150000,37.617890000,0 127.116680000,37.614670000,0 127.117480000,37.611770000,0 127.116700000,37.608850000,0 127.118480000,37.607610000,0 127.118050000,37.604600000,0 127.114020000,37.599970000,0 127.116880000,37.595500000,0 127.116660000,37.594020000,0 127.113340000,37.593260000,0 127.110680000,37.589160000,0 127.108970000,37.583380000,0 127.103440000,37.580600000,0 127.102890000,37.579910000,0 127.103030000,37.578910000,0 127.101140000,37.576070000,0 127.100950000,37.573820000,0 127.099440000,37.572740000,0 127.095840000,37.571340000,0 127.095600000,37.570610000,0 127.090490000,37.569700000,0 127.088400000,37.570180000,0 127.088180000,37.570850000,0 127.078200000,37.571870000,0 127.077230000,37.572920000,0 127.076190000,37.580270000,0 127.072160000,37.584960000,0 127.072640000,37.586510000,0 127.070300000,37.589530000,0 127.070720000,37.591890000,0 127.069430000,37.595120000,0 127.069480000,37.597240000,0 127.071980000,37.599600000,0 127.072870000,37.601260000,0 127.071530000,37.604640000,0 127.071080000,37.607320000,0 127.071710000,37.613510000,0 127.071140000,37.614810000,0 127.070030000,37.615420000,0 127.071390000,37.616400000,0 127.075030000,37.616910000,0 127.086070000,37.620290000,0 127.088230000,37.619880000,0 127.088710000,37.620240000,0 127.093220000,37.618000000,0 127.094450000,37.619010000,0 127.096190000,37.619020000,0 127.098820000,37.620390000,0 127.100870000,37.619400000,0 127.101670000,37.619470000,0 127.101690000,37.620020000,0 127.103370000,37.620280000,0 127.104920000,37.620030000,0 127.110520000,37.621050000,0 127.111310000,37.620690000,0</coordinates></LinearRing></outerBoundaryIs></Polygon></Placemark><Placemark><name>성북구</name><styleUrl>#district</styleUrl><Polygon><tessellate>1</tessellate><outerBoundaryIs><LinearRing><coordinates>126.983960000,37.636440000,0 126.987410000,37.634970000,0 126.988570000,37.633780000,0 126.989460000,37.634000000,0 126.989930000,37.632800000,0 126.991370000,37.632610000,0 126.993690000,37.631470000,0 126.999270000,37.626200000,0 127.002980000,37.625280000,0 127.004900000,37.623820000,0 127.007890000,37.624030000,0 127.007190000,37.620510000,0 127.008500000,37.618620000,0 127.009930000,37.617770000,0 127.010150000,37.616800000,0 127.014510000,37.614720000,0 127.017540000,37.614620000,0 127.019230000,37.613790000,0 127.020400000,37.612600000,0 127.022040000,37.612290000,0 127.022200000,37.611370000,0 127.025740000,37.612140000,0 127.026430000,37.612690000,0 127.030180000,37.612360000,0 127.030250000,37.608970000,0 127.037320000,37.612810000,0 127.039560000,37.615110000,0 127.040040000,37.616250000,0 127.040560000,37.616110000,0 127.043950000,37.618640000,0 127.046530000,37.622320000,0 127.049740000,37.624270000,0 127.054420000,37.619780000,0 127.060670000,37.615660000,0 127.061750000,37.614490000,0 127.063250000,37.614270000,0 127.069710000,37.615720000,0 127.071140000,37.614810000,0 127.071710000,37.613510000,0 127.071060000,37.607620000,0 127.070380000,37.607030000,0 127.069380000,37.607470000,0 127.069370000,37.609020000,0 127.068850000,37.609010000,0 127.068850000,37.608210000,0 127.067840000,37.608010000,0 127.067880000,37.606820000,0 127.067320000,37.606780000,0 127.067330000,37.606280000,0 127.066190000,37.605530000,0 127.064950000,37.605860000,0 127.062200000,37.605130000,0 127.060170000,37.603160000,0 127.060200000,37.601730000,0 127.059170000,37.601040000,0 127.057330000,37.601190000,0 127.057380000,37.601540000,0 127.055430000,37.601020000,0 127.055070000,37.601320000,0 127.053920000,37.600420000,0 127.052100000,37.600150000,0 127.051010000,37.601170000,0 127.047330000,37.596140000,0 127.045500000,37.596620000,0 127.043710000,37.596270000,0 127.043010000,37.596960000,0 127.041840000,37.596460000,0 127.041390000,37.595500000,0 127.040760000,37.595290000,0 127.040630000,37.595680000,0 127.038760000,37.591270000,0 127.036220000,37.591190000,0 127.036330000,37.590140000,0 127.035540000,37.588950000,0 127.032060000,37.585860000,0 127.032300000,37.585680000,0 127.029540000,37.582680000,0 127.022980000,37.577830000,0 127.021520000,37.578880000,0 127.018090000,37.577570000,0 127.017670000,37.578110000,0 127.018300000,37.579030000,0 127.016730000,37.581690000,0 127.014830000,37.582330000,0 127.013250000,37.581450000,0 127.011790000,37.581570000,0 127.010590000,37.580250000,0 127.008640000,37.580460000,0 127.006750000,37.582340000,0 127.007270000,37.583330000,0 127.006630000,37.586120000,0 127.005870000,37.586970000,0 127.004250000,37.587180000,0 127.003390000,37.588570000,0 127.002220000,37.589170000,0 127.001470000,37.590150000,0 127.001830000,37.591250000,0 127.000980000,37.592320000,0 126.995350000,37.592270000,0 126.993860000,37.591420000,0 126.992160000,37.592000000,0 126.991650000,37.591450000,0 126.989220000,37.591260000,0 126.986700000,37.592750000,0 126.985430000,37.594450000,0 126.983840000,37.594440000,0 126.981490000,37.595340000,0 126.978740000,37.596630000,0 126.977950000,37.597680000,0 126.976720000,37.597900000,0 126.977680000,37.600240000,0 126.978520000,37.600990000,0 126.982870000,37.602130000,0 126.983960000,37.603220000,0 126.985740000,37.603460000,0 126.986780000,37.604470000,0 126.986760000,37.606090000,0 126.986100000,37.607390000,0 126.986820000,37.608870000,0 126.985870000,37.609470000,0 126.985640000,37.611400000,0 126.986580000,37.613970000,0 126.984540000,37.615980000,0 126.983710000,37.617760000,0 126.983160000,37.619230000,0 126.983650000,37.621150000,0 126.981850000,37.624310000,0 126.979600000,37.626370000,0 126.980190000,37.627930000,0 126.979930000,37.628550000,0 126.978420000,37.629290000,0 126.974970000,37.629030000,0 126.974680000,37.629810000,0 126.975370000,37.631700000,0 126.977330000,37.633580000,0 126.980610000,37.634820000,0 126.981510000,37.634720000,0 126.983960000,37.636440000,0</coordinates></LinearRing></outerBoundaryIs></Polygon></Placemark><Placemark><name>강북구</name><styleUrl>#district</styleUrl><Polygon><tessellate>1</tessellate><outerBoundaryIs><LinearRing><coordinates>127.004590000,37.685070000,0 127.008660000,37.684450000,0 127.008420000,37.683240000,0 127.009360000,37.679580000,0 127.012120000,37.679090000,0 127.013290000,37.677830000,0 127.013880000,37.675240000,0 127.015100000,37.674140000,0 127.016220000,37.673920000,0 127.017930000,37.670750000,0 127.018700000,37.670860000,0 127.018400000,37.668880000,0 127.016610000,37.667880000,0 127.015470000,37.666080000,0 127.015810000,37.664940000,0 127.015320000,37.663630000,0 127.016890000,37.662170000,0 127.015880000,37.661320000,0 127.014530000,37.661990000,0 127.014800000,37.661360000,0 127.012450000,37.652160000,0 127.012900000,37.650750000,0 127.014270000,37.650400000,0 127.015100000,37.649280000,0 127.017310000,37.648650000,0 127.021450000,37.648880000,0 127.022660000,37.647840000,0 127.024690000,37.647340000,0 127.025890000,37.645720000,0 127.032420000,37.641830000,0 127.034570000,37.637780000,0 127.037820000,37.636040000,0 127.038140000,37.634260000,0 127.039760000,37.632200000,0 127.047120000,37.627540000,0 127.049740000,37.624270000,0 127.046530000,37.622320000,0 127.043950000,37.618640000,0 127.040560000,37.616110000,0 127.040040000,37.616250000,0 127.039560000,37.615110000,0 127.037320000,37.612810000,0 127.030250000,37.608970000,0 127.030180000,37.612360000,0 127.026430000,37.612690000,0 127.025740000,37.612140000,0 127.022200000,37.611370000,0 127.022040000,37.612290000,0 127.020400000,37.612600000,0 127.019230000,37.613790000,0 127.017540000,37.614620000,0 127.014510000,37.614720000,0 127.011830000,37.616320000,0 127.010950000,37.616290000,0 127.007190000,37.620510000,0 127.007890000,37.624030000,0 127.004900000,37.623820000,0 127.002980000,37.625280000,0 126.999270000,37.626200000,0 126.993690000,37.631470000,0 126.991370000,37.632610000,0 126.989930000,37.632800000,0 126.989460000,37.634000000,0 126.988570000,37.633780000,0 126.987410000,37.634970000,0 126.984200000,37.636340000,0 126.984860000,37.636810000,0 126.985530000,37.639700000,0 126.986130000,37.640430000,0 126.985220000,37.641640000,0 126.984260000,37.641640000,0 126.983250000,37.643680000,0 126.985720000,37.646090000,0 126.984930000,37.646070000,0 126.984600000,37.647610000,0 126.983980000,37.648180000,0 126.983940000,37.649610000,0 126.982500000,37.650540000,0 126.981680000,37.652320000,0 126.981050000,37.652710000,0 126.979660000,37.656040000,0 126.982860000,37.656450000,0 126.983010000,37.657000000,0 126.986540000,37.659490000,0 126.987280000,37.660600000,0 126.988270000,37.664390000,0 126.992220000,37.665230000,0 126.994020000,37.666780000,0 126.993560000,37.667800000,0 126.994360000,37.669570000,0 126.993800000,37.670200000,0 126.994070000,37.672760000,0 126.993540000,37.674100000,0 126.993980000,37.674910000,0 126.993130000,37.675830000,0 126.993250000,37.677660000,0 126.992200000,37.679630000,0 126.994080000,37.680320000,0 126.994730000,37.681240000,0 126.996740000,37.682390000,0 126.997310000,37.683470000,0 127.001690000,37.684340000,0 127.002240000,37.683590000,0 127.004590000,37.685070000,0</coordinates></LinearRing></outerBoundaryIs></Polygon></Placemark><Placemark><name>도봉구</name><styleUrl>#district</styleUrl><Polygon><tessellate>1</tessellate><outerBoundaryIs><LinearRing><coordinates>127.019830000,37.701020000,0 127.022150000,37.699720000,0 127.023390000,37.700070000,0 127.025320000,37.699580000,0 127.026900000,37.700250000,0 127.027020000,37.701120000,0 127.027690000,37.700940000,0 127.029290000,37.699290000,0 127.029730000,37.696270000,0 127.031030000,37.693070000,0 127.032030000,37.692950000,0 127.032410000,37.691840000,0 127.038500000,37.693290000,0 127.041110000,37.695300000,0 127.043070000,37.695230000,0 127.043400000,37.694400000,0 127.043040000,37.693620000,0 127.044820000,37.692940000,0 127.044900000,37.692410000,0 127.046750000,37.692720000,0 127.048630000,37.694060000,0 127.049970000,37.690870000,0 127.049820000,37.687980000,0 127.052200000,37.684970000,0 127.052130000,37.682950000,0 127.051220000,37.682000000,0 127.050920000,37.680090000,0 127.048730000,37.674790000,0 127.048190000,37.670500000,0 127.048910000,37.667580000,0 127.051160000,37.663980000,0 127.051640000,37.663980000,0 127.051790000,37.659950000,0 127.053410000,37.657520000,0 127.054010000,37.655300000,0 127.053950000,37.650550000,0 127.055830000,37.647050000,0 127.054990000,37.642360000,0 127.055130000,37.641320000,0 127.055780000,37.640630000,0 127.054730000,37.640130000,0 127.052850000,37.641810000,0 127.051360000,37.644820000,0 127.050480000,37.644830000,0 127.050700000,37.643800000,0 127.049760000,37.643510000,0 127.049060000,37.642150000,0 127.047800000,37.641210000,0 127.046590000,37.641120000,0 127.046690000,37.639370000,0 127.045360000,37.637470000,0 127.044320000,37.634090000,0 127.041660000,37.631470000,0 127.042640000,37.630910000,0 127.042530000,37.630420000,0 127.039760000,37.632200000,0 127.038140000,37.634260000,0 127.037820000,37.636040000,0 127.034570000,37.637780000,0 127.033190000,37.640810000,0 127.031950000,37.642170000,0 127.025890000,37.645720000,0 127.024690000,37.647340000,0 127.022660000,37.647840000,0 127.021160000,37.648990000,0 127.017780000,37.648630000,0 127.015100000,37.649280000,0 127.014270000,37.650400000,0 127.013140000,37.650470000,0 127.012510000,37.651850000,0 127.014800000,37.661360000,0 127.014530000,37.661990000,0 127.015880000,37.661320000,0 127.016890000,37.662170000,0 127.015320000,37.663630000,0 127.015810000,37.664940000,0 127.015350000,37.665550000,0 127.015760000,37.666990000,0 127.018400000,37.668880000,0 127.018700000,37.670860000,0 127.017930000,37.670750000,0 127.016220000,37.673920000,0 127.015100000,37.674140000,0 127.013880000,37.675240000,0 127.013290000,37.677830000,0 127.012120000,37.679090000,0 127.009360000,37.679580000,0 127.008420000,37.683240000,0 127.008290000,37.690110000,0 127.007620000,37.691620000,0 127.009710000,37.693360000,0 127.009670000,37.696700000,0 127.012120000,37.697380000,0 127.013880000,37.698800000,0 127.015420000,37.701460000,0 127.019830000,37.701020000,0</coordinates></LinearRing></outerBoundaryIs></Polygon></Placemark><Placemark><name>노원구</name><styleUrl>#district</styleUrl><Polygon><tessellate>1</tessellate><outerBoundaryIs><LinearRing><coordinates>127.083850000,37.693870000,0 127.083910000,37.691780000,0 127.085180000,37.690390000,0 127.090550000,37.689570000,0 127.093040000,37.689970000,0 127.094290000,37.689130000,0 127.096000000,37.689070000,0 127.095580000,37.688400000,0 127.096080000,37.687910000,0 127.096420000,37.685640000,0 127.092920000,37.681550000,0 127.092790000,37.680050000,0 127.091950000,37.679190000,0 127.092480000,37.677640000,0 127.093850000,37.676660000,0 127.094610000,37.673540000,0 127.095750000,37.672670000,0 127.095750000,37.670620000,0 127.096450000,37.669690000,0 127.096240000,37.668830000,0 127.094980000,37.667600000,0 127.094580000,37.666170000,0 127.094680000,37.664920000,0 127.095410000,37.663890000,0 127.094140000,37.663300000,0 127.091210000,37.659330000,0 127.091130000,37.658240000,0 127.091890000,37.657430000,0 127.093070000,37.653780000,0 127.094040000,37.652540000,0 127.092470000,37.649710000,0 127.092690000,37.648580000,0 127.093830000,37.647320000,0 127.093630000,37.646630000,0 127.094470000,37.645850000,0 127.094570000,37.644570000,0 127.098910000,37.644030000,0 127.102880000,37.645410000,0 127.105810000,37.645520000,0 127.107690000,37.644970000,0 127.109900000,37.642490000,0 127.111150000,37.642560000,0 127.112290000,37.640180000,0 127.111730000,37.639740000,0 127.111140000,37.639940000,0 127.110550000,37.639130000,0 127.112480000,37.636490000,0 127.112410000,37.634250000,0 127.111600000,37.633850000,0 127.112200000,37.632640000,0 127.110830000,37.630780000,0 127.105910000,37.627590000,0 127.104070000,37.621650000,0 127.104910000,37.621570000,0 127.105660000,37.620420000,0 127.104920000,37.620030000,0 127.101690000,37.620020000,0 127.101670000,37.619470000,0 127.100870000,37.619400000,0 127.098820000,37.620390000,0 127.096190000,37.619020000,0 127.094450000,37.619010000,0 127.093220000,37.618000000,0 127.088710000,37.620240000,0 127.088230000,37.619880000,0 127.086070000,37.620290000,0 127.075030000,37.616910000,0 127.071390000,37.616400000,0 127.070090000,37.615410000,0 127.069710000,37.615720000,0 127.062100000,37.614370000,0 127.054420000,37.619780000,0 127.049660000,37.624340000,0 127.047600000,37.627120000,0 127.044410000,37.628940000,0 127.041660000,37.631470000,0 127.044320000,37.634090000,0 127.045360000,37.637470000,0 127.046690000,37.639370000,0 127.046590000,37.641120000,0 127.047800000,37.641210000,0 127.049060000,37.642150000,0 127.049760000,37.643510000,0 127.050700000,37.643800000,0 127.050480000,37.644830000,0 127.051360000,37.644820000,0 127.052850000,37.641810000,0 127.054730000,37.640130000,0 127.055780000,37.640630000,0 127.055130000,37.641320000,0 127.054990000,37.642360000,0 127.055830000,37.647050000,0 127.053950000,37.650550000,0 127.054010000,37.655300000,0 127.053410000,37.657520000,0 127.051790000,37.659950000,0 127.051640000,37.663980000,0 127.051160000,37.663980000,0 127.048910000,37.667580000,0 127.048190000,37.670500000,0 127.048840000,37.675150000,0 127.050920000,37.680090000,0 127.051220000,37.682000000,0 127.052130000,37.682950000,0 127.052360000,37.684330000,0 127.051800000,37.687070000,0 127.055180000,37.689200000,0 127.058390000,37.689690000,0 127.059660000,37.690330000,0 127.062210000,37.692810000,0 127.062730000,37.694680000,0 127.063390000,37.694920000,0 127.066310000,37.694440000,0 127.067830000,37.694770000,0 127.069150000,37.693690000,0 127.072660000,37.693800000,0 127.074910000,37.695220000,0 127.081100000,37.696140000,0 127.083840000,37.694270000,0 127.083850000,37.693870000,0</coordinates></LinearRing></outerBoundaryIs></Polygon></Placemark><Placemark><name>은평구</name><styleUrl>#district</styleUrl><Polygon><tessellate>1</tessellate><outerBoundaryIs><LinearRing><coordinates>126.947940000,37.658380000,0 126.947880000,37.657130000,0 126.949200000,37.656770000,0 126.951380000,37.654950000,0 126.954190000,37.655210000,0 126.954350000,37.654600000,0 126.957110000,37.652840000,0 126.957840000,37.648050000,0 126.959030000,37.646780000,0 126.959270000,37.642130000,0 126.961600000,37.637990000,0 126.963330000,37.633250000,0 126.959800000,37.629730000,0 126.957450000,37.629160000,0 126.956350000,37.628210000,0 126.955180000,37.628160000,0 126.954010000,37.627360000,0 126.950450000,37.626420000,0 126.949000000,37.624340000,0 126.948900000,37.623260000,0 126.949890000,37.620900000,0 126.949850000,37.618760000,0 126.950720000,37.615540000,0 126.950730000,37.613530000,0 126.949830000,37.611660000,0 126.950380000,37.610620000,0 126.948160000,37.608630000,0 126.943710000,37.606240000,0 126.943670000,37.605060000,0 126.942140000,37.604960000,0 126.941240000,37.603150000,0 126.939970000,37.603100000,0 126.939850000,37.601870000,0 126.941400000,37.600660000,0 126.940880000,37.598700000,0 126.938720000,37.597500000,0 126.937540000,37.597870000,0 126.932800000,37.596300000,0 126.930230000,37.594540000,0 126.927760000,37.591570000,0 126.927620000,37.589390000,0 126.928010000,37.588390000,0 126.926310000,37.587270000,0 126.923820000,37.587100000,0 126.923640000,37.586160000,0 126.921850000,37.584700000,0 126.921760000,37.583460000,0 126.920860000,37.582940000,0 126.918970000,37.583400000,0 126.915940000,37.583090000,0 126.915570000,37.584730000,0 126.916270000,37.585660000,0 126.915310000,37.585420000,0 126.915700000,37.585980000,0 126.912840000,37.587220000,0 126.911910000,37.585820000,0 126.901870000,37.576590000,0 126.902640000,37.576390000,0 126.902080000,37.576010000,0 126.886160000,37.586800000,0 126.882030000,37.590820000,0 126.883580000,37.591850000,0 126.885240000,37.593890000,0 126.887340000,37.593920000,0 126.885470000,37.591100000,0 126.885820000,37.589530000,0 126.887160000,37.588530000,0 126.889580000,37.589130000,0 126.891440000,37.588470000,0 126.893330000,37.589070000,0 126.896860000,37.588570000,0 126.898080000,37.589540000,0 126.899750000,37.589940000,0 126.899700000,37.591360000,0 126.898960000,37.592680000,0 126.901830000,37.595140000,0 126.901010000,37.597340000,0 126.901320000,37.599370000,0 126.899980000,37.602040000,0 126.900150000,37.603120000,0 126.902110000,37.603740000,0 126.900300000,37.611190000,0 126.901730000,37.614070000,0 126.901820000,37.615750000,0 126.903130000,37.617300000,0 126.903360000,37.618840000,0 126.905230000,37.619070000,0 126.905560000,37.620620000,0 126.907120000,37.621940000,0 126.906630000,37.624500000,0 126.908610000,37.626270000,0 126.908800000,37.629090000,0 126.907290000,37.630870000,0 126.906200000,37.633220000,0 126.909120000,37.634330000,0 126.911210000,37.635910000,0 126.910090000,37.638510000,0 126.912280000,37.644320000,0 126.907710000,37.646290000,0 126.904800000,37.649200000,0 126.913720000,37.644760000,0 126.923400000,37.645940000,0 126.929700000,37.650050000,0 126.935710000,37.651200000,0 126.937160000,37.652320000,0 126.939670000,37.656240000,0 126.942100000,37.657720000,0 126.947560000,37.659220000,0 126.947940000,37.658380000,0</coordinates></LinearRing></outerBoundaryIs></Polygon></Placemark><Placemark><name>서대문구</name><styleUrl>#district</styleUrl><Polygon><tessellate>1</tessellate><outerBoundaryIs><LinearRing><coordinates>126.952620000,37.606460000,0 126.953080000,37.605500000,0 126.954040000,37.605070000,0 126.952380000,37.602480000,0 126.953360000,37.600170000,0 126.953060000,37.598760000,0 126.955410000,37.599270000,0 126.957710000,37.598370000,0 126.958270000,37.597790000,0 126.959030000,37.595060000,0 126.957510000,37.593550000,0 126.957830000,37.591460000,0 126.957370000,37.587080000,0 126.958000000,37.584440000,0 126.957570000,37.582300000,0 126.958170000,37.580980000,0 126.957220000,37.580350000,0 126.957200000,37.579820000,0 126.955680000,37.579680000,0 126.953560000,37.578750000,0 126.966700000,37.565820000,0 126.969460000,37.561980000,0 126.966830000,37.561270000,0 126.963980000,37.559460000,0 126.961650000,37.559090000,0 126.959130000,37.557240000,0 126.941370000,37.556550000,0 126.936860000,37.555100000,0 126.926590000,37.558850000,0 126.926720000,37.560970000,0 126.928280000,37.563330000,0 126.926010000,37.565100000,0 126.918440000,37.567120000,0 126.914000000,37.569040000,0 126.908560000,37.571570000,0 126.902080000,37.576010000,0 126.902640000,37.576390000,0 126.901870000,37.576590000,0 126.911910000,37.585820000,0 126.912840000,37.587220000,0 126.915700000,37.585980000,0 126.915310000,37.585420000,0 126.916270000,37.585660000,0 126.915570000,37.584730000,0 126.915940000,37.583090000,0 126.918970000,37.583400000,0 126.920860000,37.582940000,0 126.921760000,37.583460000,0 126.921850000,37.584700000,0 126.923640000,37.586160000,0 126.923820000,37.587100000,0 126.926310000,37.587270000,0 126.928010000,37.588390000,0 126.927620000,37.589390000,0 126.927760000,37.591570000,0 126.930230000,37.594540000,0 126.932800000,37.596300000,0 126.937540000,37.597870000,0 126.938720000,37.597500000,0 126.940880000,37.598700000,0 126.941400000,37.600660000,0 126.939850000,37.601870000,0 126.939970000,37.603100000,0 126.941240000,37.603150000,0 126.942140000,37.604960000,0 126.943670000,37.605060000,0 126.943710000,37.606240000,0 126.948160000,37.608630000,0 126.949640000,37.610270000,0 126.950360000,37.610620000,0 126.950560000,37.608360000,0 126.951410000,37.608020000,0 126.952620000,37.606460000,0</coordinates></LinearRing></outerBoundaryIs></Polygon></Placemark><Placemark><name>마포구</name><styleUrl>#district</styleUrl><Polygon><tessellate>1</tessellate><outerBoundaryIs><LinearRing><coordinates>126.889360000,37.584350000,0 126.908770000,37.571450000,0 126.918440000,37.567120000,0 126.926010000,37.565100000,0 126.928280000,37.563330000,0 126.926720000,37.560970000,0 126.926590000,37.558850000,0 126.936860000,37.555100000,0 126.941370000,37.556550000,0 126.959130000,37.557240000,0 126.961650000,37.559090000,0 126.961570000,37.558420000,0 126.963100000,37.558220000,0 126.963430000,37.556960000,0 126.961740000,37.554990000,0 126.961630000,37.553370000,0 126.962050000,37.553850000,0 126.962330000,37.551540000,0 126.963970000,37.549720000,0 126.963730000,37.548860000,0 126.961990000,37.548590000,0 126.961770000,37.547600000,0 126.961100000,37.547610000,0 126.960050000,37.546070000,0 126.957920000,37.545500000,0 126.958040000,37.544600000,0 126.957460000,37.544010000,0 126.957430000,37.543170000,0 126.958350000,37.542760000,0 126.956980000,37.541640000,0 126.955730000,37.539470000,0 126.954070000,37.538910000,0 126.953360000,37.537490000,0 126.951280000,37.536290000,0 126.948790000,37.535580000,0 126.947480000,37.535820000,0 126.947380000,37.535220000,0 126.946280000,37.535690000,0 126.945090000,37.534960000,0 126.944590000,37.533790000,0 126.938560000,37.537840000,0 126.930340000,37.541360000,0 126.927100000,37.539040000,0 126.923080000,37.540450000,0 126.922410000,37.541430000,0 126.904830000,37.541420000,0 126.898940000,37.548010000,0 126.888260000,37.552210000,0 126.866290000,37.563050000,0 126.856070000,37.569440000,0 126.853630000,37.571790000,0 126.853630000,37.573800000,0 126.859290000,37.574920000,0 126.863410000,37.577170000,0 126.876260000,37.578190000,0 126.876260000,37.578960000,0 126.877080000,37.578900000,0 126.877630000,37.579750000,0 126.876630000,37.581380000,0 126.877330000,37.584050000,0 126.876540000,37.584440000,0 126.877190000,37.584940000,0 126.877540000,37.586250000,0 126.879130000,37.586770000,0 126.880350000,37.589510000,0 126.882060000,37.590790000,0 126.889360000,37.584350000,0</coordinates></LinearRing></outerBoundaryIs></Polygon></Placemark><Placemark><name>양천구</name><styleUrl>#district</styleUrl><Polygon><tessellate>1</tessellate><outerBoundaryIs><LinearRing><coordinates>126.874050000,37.546940000,0 126.877960000,37.547100000,0 126.880260000,37.547740000,0 126.879920000,37.548140000,0 126.880800000,37.548080000,0 126.884090000,37.544640000,0 126.884250000,37.543560000,0 126.885090000,37.543300000,0 126.886520000,37.539360000,0 126.889920000,37.534790000,0 126.890000000,37.533650000,0 126.888660000,37.532810000,0 126.888560000,37.532120000,0 126.890650000,37.531610000,0 126.889550000,37.530010000,0 126.888470000,37.530430000,0 126.887150000,37.530180000,0 126.884180000,37.528670000,0 126.883350000,37.527280000,0 126.880800000,37.527630000,0 126.880940000,37.525910000,0 126.878750000,37.525350000,0 126.879430000,37.520500000,0 126.878200000,37.518780000,0 126.879550000,37.517660000,0 126.878580000,37.517630000,0 126.878960000,37.516930000,0 126.877330000,37.516030000,0 126.877770000,37.515560000,0 126.877520000,37.514670000,0 126.877910000,37.513330000,0 126.876650000,37.513670000,0 126.876100000,37.512410000,0 126.875100000,37.512420000,0 126.874000000,37.511300000,0 126.874030000,37.510770000,0 126.874670000,37.510690000,0 126.875200000,37.511790000,0 126.876850000,37.510850000,0 126.875520000,37.511080000,0 126.875180000,37.510530000,0 126.875440000,37.509460000,0 126.873850000,37.509160000,0 126.875040000,37.507710000,0 126.874210000,37.507180000,0 126.874710000,37.506630000,0 126.873580000,37.503560000,0 126.871870000,37.504130000,0 126.871460000,37.505070000,0 126.870270000,37.505830000,0 126.869150000,37.504870000,0 126.865460000,37.505580000,0 126.864830000,37.505500000,0 126.864650000,37.504870000,0 126.863520000,37.505050000,0 126.862640000,37.506790000,0 126.864100000,37.508360000,0 126.860320000,37.506610000,0 126.858340000,37.509870000,0 126.855690000,37.508970000,0 126.855180000,37.509670000,0 126.852910000,37.510640000,0 126.850110000,37.510090000,0 126.848730000,37.508820000,0 126.847270000,37.509520000,0 126.844840000,37.507400000,0 126.844360000,37.506540000,0 126.844680000,37.505750000,0 126.842450000,37.505450000,0 126.840760000,37.506020000,0 126.839580000,37.504460000,0 126.838400000,37.504350000,0 126.837500000,37.503240000,0 126.835300000,37.502820000,0 126.832060000,37.504620000,0 126.830620000,37.506310000,0 126.831010000,37.507980000,0 126.828160000,37.508770000,0 126.824690000,37.508320000,0 126.823900000,37.509100000,0 126.824410000,37.513180000,0 126.824260000,37.514470000,0 126.823400000,37.514950000,0 126.823100000,37.516220000,0 126.824500000,37.517720000,0 126.825620000,37.520080000,0 126.825660000,37.522230000,0 126.825160000,37.523050000,0 126.826510000,37.524930000,0 126.828840000,37.526520000,0 126.827940000,37.528000000,0 126.828210000,37.529030000,0 126.825310000,37.529960000,0 126.823430000,37.532620000,0 126.823550000,37.533760000,0 126.822700000,37.533750000,0 126.821870000,37.534900000,0 126.822430000,37.536540000,0 126.821590000,37.539710000,0 126.822050000,37.540660000,0 126.825430000,37.541710000,0 126.826070000,37.542960000,0 126.825680000,37.544230000,0 126.827630000,37.547690000,0 126.829760000,37.547740000,0 126.830470000,37.545780000,0 126.829750000,37.544290000,0 126.830250000,37.542630000,0 126.829980000,37.541660000,0 126.833120000,37.541850000,0 126.833730000,37.539840000,0 126.835160000,37.537530000,0 126.835110000,37.536730000,0 126.834420000,37.536450000,0 126.840480000,37.526480000,0 126.863980000,37.529790000,0 126.863440000,37.536100000,0 126.863780000,37.540710000,0 126.862110000,37.544360000,0 126.864200000,37.551150000,0 126.871000000,37.547570000,0 126.874050000,37.546940000,0</coordinates></LinearRing></outerBoundaryIs></Polygon></Placemark><Placemark><name>강서구</name><styleUrl>#district</styleUrl><Polygon><tessellate>1</tessellate><outerBoundaryIs><LinearRing><coordinates>126.809020000,37.600640000,0 126.817530000,37.595330000,0 126.819300000,37.592850000,0 126.827810000,37.587480000,0 126.831760000,37.585840000,0 126.843240000,37.578880000,0 126.853520000,37.571900000,0 126.856070000,37.569440000,0 126.863830000,37.564490000,0 126.880460000,37.556270000,0 126.879240000,37.554750000,0 126.879240000,37.553030000,0 126.878030000,37.553030000,0 126.878080000,37.551700000,0 126.880660000,37.548200000,0 126.879920000,37.548140000,0 126.880260000,37.547740000,0 126.877960000,37.547100000,0 126.872430000,37.547110000,0 126.864200000,37.551150000,0 126.862110000,37.544360000,0 126.863780000,37.540710000,0 126.863440000,37.536100000,0 126.863980000,37.529790000,0 126.840480000,37.526480000,0 126.834420000,37.536450000,0 126.835110000,37.536730000,0 126.835160000,37.537530000,0 126.833730000,37.539840000,0 126.833120000,37.541850000,0 126.829980000,37.541660000,0 126.830250000,37.542630000,0 126.829750000,37.544290000,0 126.830470000,37.545780000,0 126.829760000,37.547740000,0 126.827540000,37.547600000,0 126.825680000,37.544230000,0 126.826070000,37.542960000,0 126.825430000,37.541710000,0 126.822070000,37.540670000,0 126.813320000,37.540640000,0 126.810590000,37.541500000,0 126.807390000,37.543580000,0 126.803490000,37.543090000,0 126.801850000,37.542720000,0 126.799650000,37.541390000,0 126.800550000,37.541470000,0 126.800330000,37.540860000,0 126.800810000,37.540810000,0 126.798860000,37.540290000,0 126.798740000,37.539400000,0 126.799430000,37.539020000,0 126.799460000,37.537730000,0 126.798250000,37.537700000,0 126.798350000,37.537250000,0 126.796040000,37.536750000,0 126.794430000,37.535830000,0 126.793940000,37.539420000,0 126.793260000,37.539700000,0 126.794380000,37.540230000,0 126.794940000,37.541370000,0 126.791810000,37.541900000,0 126.791820000,37.543750000,0 126.789390000,37.544460000,0 126.787260000,37.546080000,0 126.781840000,37.546070000,0 126.777560000,37.546710000,0 126.776740000,37.548200000,0 126.775290000,37.548970000,0 126.771550000,37.548320000,0 126.769920000,37.550180000,0 126.770270000,37.551090000,0 126.767470000,37.551950000,0 126.767550000,37.554170000,0 126.766370000,37.553760000,0 126.766340000,37.554870000,0 126.764490000,37.555280000,0 126.766720000,37.556320000,0 126.766280000,37.556920000,0 126.767350000,37.556620000,0 126.771050000,37.557360000,0 126.772430000,37.557010000,0 126.773180000,37.557530000,0 126.771770000,37.558630000,0 126.773190000,37.559290000,0 126.773590000,37.560060000,0 126.774290000,37.559760000,0 126.774170000,37.560160000,0 126.774930000,37.560900000,0 126.774680000,37.561320000,0 126.775760000,37.561940000,0 126.777840000,37.559930000,0 126.777510000,37.562280000,0 126.776630000,37.562370000,0 126.777100000,37.563720000,0 126.775940000,37.565210000,0 126.775340000,37.565340000,0 126.774760000,37.567710000,0 126.775530000,37.568260000,0 126.775400000,37.567320000,0 126.776330000,37.567090000,0 126.776720000,37.566050000,0 126.777810000,37.566990000,0 126.779000000,37.567150000,0 126.779170000,37.568320000,0 126.780320000,37.567500000,0 126.780470000,37.568290000,0 126.781900000,37.569240000,0 126.780520000,37.570460000,0 126.781490000,37.570180000,0 126.782630000,37.570550000,0 126.781370000,37.571350000,0 126.782410000,37.573610000,0 126.787610000,37.575580000,0 126.788050000,37.576170000,0 126.789200000,37.575580000,0 126.788470000,37.576800000,0 126.789340000,37.577720000,0 126.790020000,37.577350000,0 126.790590000,37.577780000,0 126.790730000,37.580610000,0 126.791350000,37.581410000,0 126.792370000,37.579730000,0 126.792740000,37.576840000,0 126.793220000,37.576890000,0 126.792850000,37.580170000,0 126.793310000,37.580250000,0 126.793910000,37.582960000,0 126.793440000,37.584520000,0 126.794220000,37.584070000,0 126.794700000,37.582620000,0 126.794930000,37.585200000,0 126.795540000,37.585150000,0 126.795720000,37.583120000,0 126.797100000,37.584270000,0 126.796290000,37.584900000,0 126.797230000,37.585390000,0 126.798770000,37.588070000,0 126.800500000,37.587790000,0 126.800940000,37.588170000,0 126.800770000,37.589040000,0 126.801230000,37.589350000,0 126.798800000,37.591320000,0 126.798990000,37.592430000,0 126.800050000,37.592030000,0 126.800500000,37.592410000,0 126.797610000,37.594880000,0 126.797080000,37.597740000,0 126.797540000,37.597790000,0 126.798050000,37.600210000,0 126.798530000,37.600090000,0 126.799970000,37.601500000,0 126.799940000,37.602540000,0 126.802580000,37.605030000,0 126.809020000,37.600640000,0</coordinates></LinearRing></outerBoundaryIs></Polygon></Placemark><Placemark><name>구로구</name><styleUrl>#district</styleUrl><Polygon><tessellate>1</tessellate><outerBoundaryIs><LinearRing><coordinates>126.879530000,37.517820000,0 126.882730000,37.515780000,0 126.882730000,37.515170000,0 126.884340000,37.514390000,0 126.884430000,37.513850000,0 126.887520000,37.513230000,0 126.888400000,37.512340000,0 126.889730000,37.512270000,0 126.889630000,37.511810000,0 126.890650000,37.510640000,0 126.891860000,37.510080000,0 126.893980000,37.505010000,0 126.893170000,37.504600000,0 126.893310000,37.503970000,0 126.892690000,37.503310000,0 126.893140000,37.502680000,0 126.892760000,37.500830000,0 126.893620000,37.499590000,0 126.895000000,37.493650000,0 126.895710000,37.492580000,0 126.895320000,37.492360000,0 126.896120000,37.489340000,0 126.898140000,37.486940000,0 126.903200000,37.485000000,0 126.899740000,37.480750000,0 126.898990000,37.479150000,0 126.895870000,37.478340000,0 126.888780000,37.479790000,0 126.886150000,37.482350000,0 126.882720000,37.484750000,0 126.878460000,37.486670000,0 126.877660000,37.486070000,0 126.874560000,37.485370000,0 126.875140000,37.486790000,0 126.875970000,37.486910000,0 126.876790000,37.488570000,0 126.876040000,37.489050000,0 126.875190000,37.488510000,0 126.874340000,37.488860000,0 126.872750000,37.488430000,0 126.872410000,37.489330000,0 126.872840000,37.490010000,0 126.873750000,37.490480000,0 126.874110000,37.489780000,0 126.874650000,37.489900000,0 126.874450000,37.490430000,0 126.874840000,37.490750000,0 126.874130000,37.491340000,0 126.872250000,37.490600000,0 126.871570000,37.490760000,0 126.871340000,37.489830000,0 126.870230000,37.489600000,0 126.869680000,37.490430000,0 126.869990000,37.491020000,0 126.869300000,37.491850000,0 126.870020000,37.492260000,0 126.869370000,37.492720000,0 126.870020000,37.493660000,0 126.868230000,37.495130000,0 126.866790000,37.494240000,0 126.867780000,37.494080000,0 126.867370000,37.493070000,0 126.866600000,37.492890000,0 126.864560000,37.491020000,0 126.861770000,37.490330000,0 126.857970000,37.486080000,0 126.855170000,37.485170000,0 126.853860000,37.482840000,0 126.852960000,37.482480000,0 126.852700000,37.481820000,0 126.850700000,37.481530000,0 126.848130000,37.482100000,0 126.846520000,37.481600000,0 126.845990000,37.480700000,0 126.845360000,37.473810000,0 126.844960000,37.473470000,0 126.842950000,37.474920000,0 126.840830000,37.474660000,0 126.838340000,37.475410000,0 126.834640000,37.474360000,0 126.834870000,37.475750000,0 126.833480000,37.477160000,0 126.831750000,37.477650000,0 126.829620000,37.476900000,0 126.829200000,37.476200000,0 126.824150000,37.476160000,0 126.823950000,37.476470000,0 126.821720000,37.475220000,0 126.821780000,37.476200000,0 126.819420000,37.476330000,0 126.819060000,37.475940000,0 126.819410000,37.475180000,0 126.818320000,37.475300000,0 126.818630000,37.474080000,0 126.817640000,37.473190000,0 126.814630000,37.474650000,0 126.815300000,37.476360000,0 126.817210000,37.478140000,0 126.818260000,37.478160000,0 126.819370000,37.479860000,0 126.819990000,37.481640000,0 126.819290000,37.485470000,0 126.822390000,37.486720000,0 126.823590000,37.487740000,0 126.823010000,37.488150000,0 126.822760000,37.489980000,0 126.817890000,37.491540000,0 126.815490000,37.493200000,0 126.814570000,37.493190000,0 126.814350000,37.494420000,0 126.813010000,37.496400000,0 126.814040000,37.497350000,0 126.814280000,37.498270000,0 126.816100000,37.497640000,0 126.819640000,37.499210000,0 126.819420000,37.500790000,0 126.821560000,37.502160000,0 126.821830000,37.504540000,0 126.822550000,37.505680000,0 126.822220000,37.507690000,0 126.826270000,37.508770000,0 126.830650000,37.508170000,0 126.831020000,37.507830000,0 126.830620000,37.506310000,0 126.831650000,37.505080000,0 126.835300000,37.502820000,0 126.837500000,37.503240000,0 126.838400000,37.504350000,0 126.839580000,37.504460000,0 126.840760000,37.506020000,0 126.842450000,37.505450000,0 126.844680000,37.505750000,0 126.844360000,37.506540000,0 126.844840000,37.507400000,0 126.847270000,37.509520000,0 126.848730000,37.508820000,0 126.850110000,37.510090000,0 126.852910000,37.510640000,0 126.855180000,37.509670000,0 126.855690000,37.508970000,0 126.858340000,37.509870000,0 126.860320000,37.506610000,0 126.864100000,37.508360000,0 126.862640000,37.506790000,0 126.863520000,37.505050000,0 126.864650000,37.504870000,0 126.864830000,37.505500000,0 126.865460000,37.505580000,0 126.869150000,37.504870000,0 126.870270000,37.505830000,0 126.871460000,37.505070000,0 126.871870000,37.504130000,0 126.873570000,37.503560000,0 126.874710000,37.506630000,0 126.874210000,37.507180000,0 126.875040000,37.507710000,0 126.873850000,37.509160000,0 126.875440000,37.509460000,0 126.875180000,37.510530000,0 126.875520000,37.511080000,0 126.876850000,37.510850000,0 126.875200000,37.511790000,0 126.874670000,37.510690000,0 126.874030000,37.510770000,0 126.874000000,37.511300000,0 126.875100000,37.512420000,0 126.876100000,37.512410000,0 126.876650000,37.513670000,0 126.877910000,37.513330000,0 126.877520000,37.514670000,0 126.877770000,37.515560000,0 126.877330000,37.516030000,0 126.878960000,37.516930000,0 126.878510000,37.517570000,0 126.879530000,37.517820000,0</coordinates></LinearRing></outerBoundaryIs></Polygon></Placemark><Placemark><name>금천구</name><styleUrl>#district</styleUrl><Polygon><tessellate>1</tessellate><outerBoundaryIs><LinearRing><coordinates>126.879390000,37.486250000,0 126.882720000,37.484750000,0 126.886150000,37.482350000,0 126.887730000,37.480440000,0 126.889880000,37.479390000,0 126.896210000,37.478340000,0 126.896210000,37.478670000,0 126.909790000,37.480770000,0 126.909940000,37.480250000,0 126.909000000,37.480080000,0 126.908650000,37.479080000,0 126.909460000,37.478030000,0 126.910470000,37.478360000,0 126.911830000,37.477820000,0 126.911360000,37.474510000,0 126.910750000,37.473620000,0 126.908200000,37.472680000,0 126.910250000,37.469250000,0 126.909960000,37.468770000,0 126.911040000,37.468080000,0 126.912550000,37.465760000,0 126.913720000,37.465470000,0 126.912900000,37.464010000,0 126.914410000,37.461610000,0 126.914030000,37.457910000,0 126.914980000,37.457310000,0 126.916920000,37.457510000,0 126.918330000,37.456910000,0 126.922190000,37.456620000,0 126.923080000,37.454530000,0 126.924780000,37.452840000,0 126.925660000,37.452930000,0 126.927290000,37.451010000,0 126.928450000,37.450810000,0 126.928280000,37.449350000,0 126.923250000,37.445770000,0 126.922760000,37.444040000,0 126.921170000,37.442550000,0 126.920270000,37.440470000,0 126.919260000,37.439850000,0 126.916120000,37.440050000,0 126.912310000,37.438580000,0 126.911200000,37.437200000,0 126.911330000,37.436170000,0 126.909400000,37.433860000,0 126.907250000,37.433520000,0 126.906080000,37.433990000,0 126.902990000,37.434070000,0 126.902750000,37.435860000,0 126.898980000,37.438700000,0 126.898810000,37.439350000,0 126.899930000,37.439560000,0 126.897270000,37.445440000,0 126.895780000,37.445630000,0 126.894650000,37.446700000,0 126.895000000,37.448220000,0 126.896050000,37.448040000,0 126.893980000,37.452720000,0 126.893250000,37.452760000,0 126.892590000,37.451950000,0 126.889640000,37.452320000,0 126.889200000,37.454720000,0 126.886260000,37.456360000,0 126.885870000,37.457590000,0 126.886340000,37.458960000,0 126.885420000,37.459420000,0 126.885370000,37.460060000,0 126.886130000,37.460900000,0 126.888880000,37.460950000,0 126.887120000,37.462900000,0 126.885140000,37.462470000,0 126.884320000,37.462720000,0 126.882750000,37.464390000,0 126.882870000,37.464960000,0 126.884340000,37.465460000,0 126.884620000,37.466010000,0 126.881630000,37.468460000,0 126.881590000,37.469420000,0 126.875990000,37.477100000,0 126.873380000,37.482430000,0 126.872740000,37.482420000,0 126.873300000,37.484180000,0 126.871800000,37.485000000,0 126.872730000,37.486240000,0 126.874220000,37.485190000,0 126.877660000,37.486070000,0 126.878460000,37.486670000,0 126.879390000,37.486250000,0</coordinates></LinearRing></outerBoundaryIs></Polygon></Placemark><Placemark><name>영등포구</name><styleUrl>#district</styleUrl><Polygon><tessellate>1</tessellate><outerBoundaryIs><LinearRing><coordinates>126.886820000,37.553090000,0 126.894680000,37.549390000,0 126.898940000,37.548010000,0 126.904830000,37.541420000,0 126.922410000,37.541430000,0 126.923080000,37.540450000,0 126.927100000,37.539040000,0 126.930340000,37.541360000,0 126.938560000,37.537840000,0 126.944220000,37.534240000,0 126.949880000,37.527030000,0 126.949890000,37.517510000,0 126.939280000,37.516080000,0 126.926870000,37.515540000,0 126.926970000,37.513220000,0 126.926790000,37.512800000,0 126.925390000,37.512530000,0 126.920290000,37.500030000,0 126.919820000,37.497800000,0 126.911960000,37.496040000,0 126.903200000,37.485000000,0 126.898650000,37.486640000,0 126.896120000,37.489340000,0 126.895320000,37.492360000,0 126.895710000,37.492580000,0 126.895000000,37.493650000,0 126.893620000,37.499590000,0 126.892760000,37.500830000,0 126.893140000,37.502680000,0 126.892690000,37.503310000,0 126.893310000,37.503970000,0 126.893170000,37.504600000,0 126.893980000,37.505010000,0 126.891860000,37.510080000,0 126.890650000,37.510640000,0 126.889630000,37.511810000,0 126.889730000,37.512270000,0 126.888400000,37.512340000,0 126.887520000,37.513230000,0 126.884430000,37.513850000,0 126.884340000,37.514390000,0 126.882730000,37.515170000,0 126.882730000,37.515780000,0 126.878740000,37.517940000,0 126.878200000,37.518780000,0 126.879440000,37.520600000,0 126.878610000,37.525070000,0 126.879280000,37.525720000,0 126.880940000,37.525910000,0 126.881170000,37.526550000,0 126.880680000,37.527540000,0 126.883350000,37.527280000,0 126.884180000,37.528670000,0 126.887150000,37.530180000,0 126.888470000,37.530430000,0 126.889550000,37.530010000,0 126.890650000,37.531610000,0 126.888560000,37.532120000,0 126.888660000,37.532810000,0 126.890000000,37.533650000,0 126.889900000,37.534840000,0 126.886520000,37.539360000,0 126.885090000,37.543300000,0 126.884250000,37.543560000,0 126.884090000,37.544640000,0 126.880360000,37.548460000,0 126.878080000,37.551700000,0 126.878030000,37.553030000,0 126.879240000,37.553030000,0 126.879240000,37.554750000,0 126.880470000,37.556270000,0 126.886820000,37.553090000,0</coordinates></LinearRing></outerBoundaryIs></Polygon></Placemark><Placemark><name>동작구</name><styleUrl>#district</styleUrl><Polygon><tessellate>1</tessellate><outerBoundaryIs><LinearRing><coordinates>126.949690000,37.517570000,0 126.954700000,37.516060000,0 126.961910000,37.513120000,0 126.966920000,37.509880000,0 126.975260000,37.507010000,0 126.980410000,37.506540000,0 126.980400000,37.504590000,0 126.979850000,37.504170000,0 126.980600000,37.502670000,0 126.985390000,37.499860000,0 126.982930000,37.496990000,0 126.981700000,37.476530000,0 126.978420000,37.476650000,0 126.970520000,37.475380000,0 126.970290000,37.476500000,0 126.968900000,37.476570000,0 126.966330000,37.478960000,0 126.964790000,37.479510000,0 126.963940000,37.480990000,0 126.961070000,37.483560000,0 126.961990000,37.485180000,0 126.961670000,37.485980000,0 126.961970000,37.488630000,0 126.960870000,37.490170000,0 126.961380000,37.492870000,0 126.960290000,37.493740000,0 126.959360000,37.493800000,0 126.958680000,37.492770000,0 126.957120000,37.491750000,0 126.953730000,37.490640000,0 126.951700000,37.492210000,0 126.948820000,37.493180000,0 126.948790000,37.493860000,0 126.946960000,37.494130000,0 126.943390000,37.492240000,0 126.941590000,37.492200000,0 126.940390000,37.492970000,0 126.939250000,37.492200000,0 126.938300000,37.492390000,0 126.937260000,37.491910000,0 126.934310000,37.493090000,0 126.932420000,37.492870000,0 126.927480000,37.495020000,0 126.926490000,37.493420000,0 126.925360000,37.492710000,0 126.924900000,37.490890000,0 126.924150000,37.489980000,0 126.921010000,37.490640000,0 126.917860000,37.490260000,0 126.913560000,37.488020000,0 126.911270000,37.486270000,0 126.906100000,37.484960000,0 126.903200000,37.485000000,0 126.911960000,37.496040000,0 126.919820000,37.497800000,0 126.920290000,37.500030000,0 126.925390000,37.512530000,0 126.926790000,37.512800000,0 126.926970000,37.513220000,0 126.926870000,37.515540000,0 126.939280000,37.516080000,0 126.949690000,37.517570000,0</coordinates></LinearRing></outerBoundaryIs></Polygon></Placemark><Placemark><name>관악구</name><styleUrl>#district</styleUrl><Polygon><tessellate>1</tessellate><outerBoundaryIs><LinearRing><coordinates>126.927910000,37.495080000,0 126.931340000,37.493230000,0 126.932420000,37.492870000,0 126.934310000,37.493090000,0 126.937260000,37.491910000,0 126.938300000,37.492390000,0 126.939250000,37.492200000,0 126.940390000,37.492970000,0 126.941590000,37.492200000,0 126.943390000,37.492240000,0 126.946960000,37.494130000,0 126.948790000,37.493860000,0 126.948820000,37.493180000,0 126.951700000,37.492210000,0 126.953730000,37.490640000,0 126.957120000,37.491750000,0 126.958680000,37.492770000,0 126.959360000,37.493800000,0 126.960290000,37.493740000,0 126.961380000,37.492870000,0 126.960870000,37.490170000,0 126.961970000,37.488630000,0 126.961670000,37.485980000,0 126.961990000,37.485180000,0 126.961070000,37.483560000,0 126.963940000,37.480990000,0 126.964790000,37.479510000,0 126.966330000,37.478960000,0 126.968900000,37.476570000,0 126.970290000,37.476500000,0 126.970520000,37.475380000,0 126.978420000,37.476650000,0 126.981700000,37.476530000,0 126.982170000,37.473720000,0 126.983210000,37.471570000,0 126.984520000,37.469800000,0 126.986070000,37.468960000,0 126.985530000,37.469050000,0 126.987300000,37.467610000,0 126.988340000,37.464000000,0 126.987550000,37.460150000,0 126.988640000,37.458170000,0 126.986610000,37.457210000,0 126.981900000,37.456940000,0 126.982400000,37.455890000,0 126.978480000,37.455730000,0 126.974580000,37.454410000,0 126.971750000,37.451740000,0 126.970570000,37.449450000,0 126.967660000,37.448380000,0 126.964290000,37.446270000,0 126.963930000,37.445210000,0 126.964630000,37.442040000,0 126.962940000,37.440280000,0 126.960060000,37.440400000,0 126.958970000,37.439070000,0 126.956370000,37.438750000,0 126.952410000,37.439190000,0 126.951160000,37.438440000,0 126.950930000,37.438730000,0 126.949280000,37.438250000,0 126.948360000,37.438710000,0 126.945090000,37.437090000,0 126.941420000,37.437400000,0 126.940220000,37.435710000,0 126.938620000,37.436030000,0 126.937270000,37.438630000,0 126.937860000,37.440200000,0 126.937350000,37.440870000,0 126.934900000,37.443210000,0 126.930550000,37.445470000,0 126.930170000,37.448370000,0 126.928400000,37.450210000,0 126.928370000,37.451010000,0 126.927290000,37.451010000,0 126.926260000,37.452540000,0 126.924780000,37.452840000,0 126.923080000,37.454530000,0 126.922190000,37.456620000,0 126.918330000,37.456910000,0 126.916920000,37.457510000,0 126.914980000,37.457310000,0 126.914030000,37.457910000,0 126.914410000,37.461610000,0 126.912900000,37.464010000,0 126.913720000,37.465470000,0 126.912550000,37.465760000,0 126.911040000,37.468080000,0 126.909960000,37.468770000,0 126.910250000,37.469250000,0 126.908200000,37.472680000,0 126.910750000,37.473620000,0 126.911360000,37.474510000,0 126.911830000,37.477820000,0 126.910470000,37.478360000,0 126.909460000,37.478030000,0 126.908650000,37.479080000,0 126.909000000,37.480080000,0 126.909940000,37.480250000,0 126.909790000,37.480770000,0 126.898940000,37.478940000,0 126.899700000,37.480680000,0 126.903200000,37.485000000,0 126.906100000,37.484960000,0 126.911270000,37.486270000,0 126.913560000,37.488020000,0 126.917860000,37.490260000,0 126.921010000,37.490640000,0 126.924150000,37.489980000,0 126.924900000,37.490890000,0 126.925360000,37.492710000,0 126.927910000,37.495080000,0</coordinates></LinearRing></outerBoundaryIs></Polygon></Placemark><Placemark><name>서초구</name><styleUrl>#district</styleUrl><Polygon><tessellate>1</tessellate><outerBoundaryIs><LinearRing><coordinates>127.008580000,37.525600000,0 127.013190000,37.522580000,0 127.015230000,37.524850000,0 127.017820000,37.521810000,0 127.020520000,37.512800000,0 127.034090000,37.484370000,0 127.041750000,37.485440000,0 127.043890000,37.480560000,0 127.043540000,37.480170000,0 127.045190000,37.477360000,0 127.051180000,37.471790000,0 127.048670000,37.470060000,0 127.051050000,37.469370000,0 127.050800000,37.467250000,0 127.054240000,37.468050000,0 127.055060000,37.468800000,0 127.056120000,37.468370000,0 127.059110000,37.469160000,0 127.060920000,37.468920000,0 127.062610000,37.469380000,0 127.063870000,37.469030000,0 127.068590000,37.471060000,0 127.070410000,37.471090000,0 127.072690000,37.472000000,0 127.075370000,37.473500000,0 127.076920000,37.475240000,0 127.078990000,37.474920000,0 127.084480000,37.475800000,0 127.084940000,37.475660000,0 127.084460000,37.475140000,0 127.084140000,37.473000000,0 127.085020000,37.471300000,0 127.086600000,37.470850000,0 127.088130000,37.468490000,0 127.090430000,37.467150000,0 127.091620000,37.465720000,0 127.092040000,37.464920000,0 127.091910000,37.462310000,0 127.093090000,37.461280000,0 127.095660000,37.461020000,0 127.094840000,37.458520000,0 127.095440000,37.457560000,0 127.095210000,37.456320000,0 127.093540000,37.455890000,0 127.092730000,37.453630000,0 127.091130000,37.452960000,0 127.089540000,37.450170000,0 127.088820000,37.449750000,0 127.087860000,37.444890000,0 127.083860000,37.443920000,0 127.082430000,37.441580000,0 127.081250000,37.441120000,0 127.076010000,37.442140000,0 127.072140000,37.442260000,0 127.071630000,37.441520000,0 127.072010000,37.438860000,0 127.073840000,37.437410000,0 127.073020000,37.436410000,0 127.071270000,37.435600000,0 127.071520000,37.434120000,0 127.070570000,37.432420000,0 127.071210000,37.430820000,0 127.070950000,37.430210000,0 127.069870000,37.430970000,0 127.068960000,37.430430000,0 127.068270000,37.430680000,0 127.066700000,37.430130000,0 127.065680000,37.428990000,0 127.063320000,37.429750000,0 127.061140000,37.429990000,0 127.059960000,37.429570000,0 127.058070000,37.430010000,0 127.052320000,37.428300000,0 127.049870000,37.430310000,0 127.047370000,37.430700000,0 127.047220000,37.432040000,0 127.046310000,37.433450000,0 127.044630000,37.434070000,0 127.044190000,37.435060000,0 127.041090000,37.437770000,0 127.040050000,37.438240000,0 127.037070000,37.438270000,0 127.035570000,37.439000000,0 127.035170000,37.440940000,0 127.037480000,37.443270000,0 127.038210000,37.445860000,0 127.037250000,37.446450000,0 127.037530000,37.447360000,0 127.037160000,37.448010000,0 127.037740000,37.449420000,0 127.035780000,37.452200000,0 127.034750000,37.452620000,0 127.035590000,37.454090000,0 127.037130000,37.455210000,0 127.036740000,37.456440000,0 127.034970000,37.457990000,0 127.034920000,37.460180000,0 127.033890000,37.460080000,0 127.033900000,37.460830000,0 127.033470000,37.460970000,0 127.034670000,37.464090000,0 127.031920000,37.465520000,0 127.029530000,37.465370000,0 127.029610000,37.463280000,0 127.028040000,37.461250000,0 127.028360000,37.459890000,0 127.026570000,37.459640000,0 127.026000000,37.457820000,0 127.022790000,37.457250000,0 127.021700000,37.456320000,0 127.019690000,37.455790000,0 127.017260000,37.456060000,0 127.015060000,37.454830000,0 127.012370000,37.455550000,0 127.010820000,37.455420000,0 127.010660000,37.456150000,0 127.008710000,37.457760000,0 127.008210000,37.459100000,0 127.004470000,37.464070000,0 127.004910000,37.465840000,0 127.003680000,37.467720000,0 127.002730000,37.467120000,0 126.996750000,37.467070000,0 126.996230000,37.466610000,0 126.996620000,37.464780000,0 126.997370000,37.463690000,0 126.996770000,37.461870000,0 126.993350000,37.461500000,0 126.992660000,37.460340000,0 126.991700000,37.460520000,0 126.988650000,37.458140000,0 126.987870000,37.459270000,0 126.987520000,37.460570000,0 126.988340000,37.464000000,0 126.987930000,37.465940000,0 126.987110000,37.467230000,0 126.987300000,37.467610000,0 126.985530000,37.469050000,0 126.986070000,37.468960000,0 126.984520000,37.469800000,0 126.983210000,37.471570000,0 126.982170000,37.473720000,0 126.981710000,37.476290000,0 126.982930000,37.496990000,0 126.985390000,37.499860000,0 126.980600000,37.502670000,0 126.979850000,37.504170000,0 126.980400000,37.504590000,0 126.980410000,37.506540000,0 126.985550000,37.506540000,0 126.990700000,37.513090000,0 127.006460000,37.523440000,0 127.008580000,37.525600000,0</coordinates></LinearRing></outerBoundaryIs></Polygon></Placemark><Placemark><name>강남구</name><styleUrl>#district</styleUrl><Polygon><tessellate>1</tessellate><outerBoundaryIs><LinearRing><coordinates>127.023300000,37.535800000,0 127.040390000,37.535820000,0 127.046040000,37.534240000,0 127.055120000,37.528660000,0 127.067480000,37.524580000,0 127.067670000,37.519870000,0 127.069810000,37.502740000,0 127.076990000,37.502070000,0 127.094790000,37.496680000,0 127.103510000,37.492710000,0 127.107010000,37.490290000,0 127.124210000,37.466520000,0 127.120100000,37.463490000,0 127.117520000,37.462530000,0 127.116990000,37.461480000,0 127.116900000,37.458640000,0 127.115500000,37.458700000,0 127.113960000,37.459520000,0 127.112760000,37.460530000,0 127.113330000,37.461090000,0 127.111820000,37.461640000,0 127.106670000,37.462410000,0 127.104340000,37.462170000,0 127.104780000,37.461160000,0 127.103940000,37.460050000,0 127.102630000,37.459870000,0 127.101380000,37.458970000,0 127.101060000,37.457990000,0 127.099740000,37.457350000,0 127.098890000,37.456120000,0 127.095220000,37.456390000,0 127.095440000,37.457560000,0 127.094840000,37.458520000,0 127.095660000,37.461020000,0 127.093090000,37.461280000,0 127.091910000,37.462310000,0 127.092040000,37.464920000,0 127.091620000,37.465720000,0 127.090430000,37.467150000,0 127.088130000,37.468490000,0 127.086600000,37.470850000,0 127.085020000,37.471300000,0 127.084140000,37.473000000,0 127.084460000,37.475140000,0 127.084940000,37.475660000,0 127.084480000,37.475800000,0 127.078990000,37.474920000,0 127.076920000,37.475240000,0 127.075370000,37.473500000,0 127.072690000,37.472000000,0 127.070410000,37.471090000,0 127.068590000,37.471060000,0 127.063870000,37.469030000,0 127.062610000,37.469380000,0 127.060920000,37.468920000,0 127.059110000,37.469160000,0 127.056120000,37.468370000,0 127.055060000,37.468800000,0 127.054240000,37.468050000,0 127.050800000,37.467250000,0 127.051050000,37.469370000,0 127.048670000,37.470060000,0 127.051180000,37.471790000,0 127.045190000,37.477360000,0 127.043540000,37.480170000,0 127.043890000,37.480560000,0 127.041750000,37.485440000,0 127.034090000,37.484370000,0 127.020520000,37.512800000,0 127.017820000,37.521810000,0 127.015230000,37.524850000,0 127.013190000,37.522580000,0 127.008580000,37.525600000,0 127.014900000,37.532210000,0 127.017740000,37.534250000,0 127.021180000,37.535820000,0 127.023300000,37.535800000,0</coordinates></LinearRing></outerBoundaryIs></Polygon></Placemark><Placemark><name>송파구</name><styleUrl>#district</styleUrl><Polygon><tessellate>1</tessellate><outerBoundaryIs><LinearRing><coordinates>127.116530000,37.541960000,0 127.123440000,37.538650000,0 127.120610000,37.530630000,0 127.119090000,37.527960000,0 127.145330000,37.516610000,0 127.145440000,37.516060000,0 127.144600000,37.515610000,0 127.140610000,37.515590000,0 127.143430000,37.513880000,0 127.143530000,37.512660000,0 127.141440000,37.512400000,0 127.141220000,37.510820000,0 127.140340000,37.510220000,0 127.139930000,37.508520000,0 127.141520000,37.506710000,0 127.140810000,37.505980000,0 127.141050000,37.505410000,0 127.144550000,37.504220000,0 127.145950000,37.503230000,0 127.147690000,37.503210000,0 127.150200000,37.504740000,0 127.152110000,37.502970000,0 127.156440000,37.501860000,0 127.157730000,37.503180000,0 127.158870000,37.502390000,0 127.159400000,37.501360000,0 127.160500000,37.501090000,0 127.161430000,37.500020000,0 127.160570000,37.497550000,0 127.159780000,37.496820000,0 127.159760000,37.493640000,0 127.158650000,37.492430000,0 127.158330000,37.490660000,0 127.157280000,37.489950000,0 127.158510000,37.489670000,0 127.150430000,37.485250000,0 127.149090000,37.483880000,0 127.148680000,37.484040000,0 127.147530000,37.482010000,0 127.147150000,37.477220000,0 127.144370000,37.477330000,0 127.143530000,37.473930000,0 127.132860000,37.474630000,0 127.132820000,37.471200000,0 127.131980000,37.469800000,0 127.132790000,37.469600000,0 127.132400000,37.469060000,0 127.132800000,37.468390000,0 127.130540000,37.467740000,0 127.126670000,37.468630000,0 127.124880000,37.469600000,0 127.125200000,37.467830000,0 127.124210000,37.466520000,0 127.107010000,37.490290000,0 127.103510000,37.492710000,0 127.094790000,37.496680000,0 127.076990000,37.502070000,0 127.069810000,37.502740000,0 127.067670000,37.519870000,0 127.067480000,37.524580000,0 127.068660000,37.523870000,0 127.076950000,37.522510000,0 127.079970000,37.522950000,0 127.085630000,37.524760000,0 127.090140000,37.527010000,0 127.108280000,37.541410000,0 127.109240000,37.543170000,0 127.113100000,37.543170000,0 127.116530000,37.541960000,0</coordinates></LinearRing></outerBoundaryIs></Polygon></Placemark><Placemark><name>강동구</name><styleUrl>#district</styleUrl><Polygon><tessellate>1</tessellate><outerBoundaryIs><LinearRing><coordinates>127.176690000,37.579070000,0 127.175420000,37.578300000,0 127.175680000,37.574900000,0 127.177820000,37.572060000,0 127.179220000,37.568920000,0 127.179670000,37.565280000,0 127.182000000,37.560990000,0 127.181340000,37.552960000,0 127.182930000,37.551750000,0 127.182720000,37.546700000,0 127.183790000,37.545570000,0 127.183540000,37.545170000,0 127.182200000,37.545720000,0 127.181690000,37.546440000,0 127.179910000,37.546570000,0 127.176900000,37.545820000,0 127.176640000,37.545340000,0 127.175980000,37.545640000,0 127.175720000,37.545210000,0 127.174310000,37.545300000,0 127.174140000,37.545710000,0 127.169760000,37.544800000,0 127.166980000,37.545200000,0 127.166890000,37.544270000,0 127.163160000,37.544990000,0 127.157650000,37.539270000,0 127.154020000,37.534510000,0 127.153570000,37.533670000,0 127.153930000,37.531920000,0 127.153380000,37.531330000,0 127.153160000,37.529110000,0 127.149460000,37.525750000,0 127.149480000,37.525020000,0 127.147800000,37.522150000,0 127.145670000,37.521930000,0 127.144790000,37.519620000,0 127.145090000,37.516830000,0 127.138260000,37.519370000,0 127.119090000,37.527960000,0 127.120610000,37.530630000,0 127.123440000,37.538650000,0 127.118950000,37.541120000,0 127.113100000,37.543170000,0 127.109240000,37.543170000,0 127.111470000,37.546930000,0 127.111550000,37.550510000,0 127.114090000,37.554080000,0 127.115650000,37.557700000,0 127.117340000,37.559460000,0 127.122960000,37.563490000,0 127.128610000,37.566160000,0 127.134270000,37.567950000,0 127.137670000,37.568420000,0 127.148950000,37.568430000,0 127.166750000,37.578980000,0 127.171840000,37.579260000,0 127.177150000,37.581200000,0 127.176690000,37.579070000,0</coordinates></LinearRing></outerBoundaryIs></Polygon></Placemark><Placemark><name>s086_u001</name><styleUrl>#local</styleUrl><ExtendedData><Data name="name"><value>s086_u001</value></Data><Data name="mode"><value>local</value></Data><Data name="associated_es"><value>es1</value></Data><Data name="model"><value>mobilenet_v3_small</value></Data><Data name="latency_ms"><value>37.6736</value></Data><Data name="energy_j"><value>0.075347</value></Data><Data name="payment_dollar"><value>0.0</value></Data></ExtendedData><description>name: s086_u001; mode: local; associated_es: es1; model: mobilenet_v3_small; latency_ms: 37.6736; energy_j: 0.075347; payment_dollar: 0.0</description><Point><coordinates>126.890695764,37.474530817,0</coordinates></Point></Placemark><Placemark><name>s086_u004</name><styleUrl>#local</styleUrl><ExtendedData><Data name="name"><value>s086_u004</value></Data><Data name="mode"><value>local</value></Data><Data name="associated_es"><value>es1</value></Data><Data name="model"><value>mobilenet_v3_small</value></Data><Data name="latency_ms"><value>37.6736</value></Data><Data name="energy_j"><value>0.105486</value></Data><Data name="payment_dollar"><value>0.0</value></Data></ExtendedData><description>name: s086_u004; mode: local; associated_es: es1; model: mobilenet_v3_small; latency_ms: 37.6736; energy_j: 0.105486; payment_dollar: 0.0</description><Point><coordinates>126.896404632,37.467799934,0</coordinates></Point></Placemark><Placemark><name>s086_u008</name><styleUrl>#local</styleUrl><ExtendedData><Data name="name"><value>s086_u008</value></Data><Data name="mode"><value>local</value></Data><Data name="associated_es"><value>es1</value></Data><Data name="model"><value>efficientformerv2_s2</value></Data><Data name="latency_ms"><value>83.1243</value></Data><Data name="energy_j"><value>0.166249</value></Data><Data name="payment_dollar"><value>0.0</value></Data></ExtendedData><description>name: s086_u008; mode: local; associated_es: es1; model: efficientformerv2_s2; latency_ms: 83.1243; energy_j: 0.166249; payment_dollar: 0.0</description><Point><coordinates>126.963995689,37.504180204,0</coordinates></Point></Placemark><Placemark><name>s086_u011</name><styleUrl>#edge</styleUrl><ExtendedData><Data name="name"><value>s086_u011</value></Data><Data name="mode"><value>edge</value></Data><Data name="associated_es"><value>es1</value></Data><Data name="model"><value>efficientformerv2_s2</value></Data><Data name="cut"><value>6</value></Data><Data name="latency_ms"><value>255.5723</value></Data><Data name="energy_j"><value>0.170607</value></Data><Data name="payment_dollar"><value>0.0959999999999999</value></Data></ExtendedData><description>name: s086_u011; mode: edge; associated_es: es1; model: efficientformerv2_s2; cut: 6; latency_ms: 255.5723; energy_j: 0.170607; payment_dollar: 0.0959999999999999</description><Point><coordinates>126.921134592,37.560312302,0</coordinates></Point></Placemark><Placemark><name>s086_u012</name><styleUrl>#local</styleUrl><ExtendedData><Data name="name"><value>s086_u012</value></Data><Data name="mode"><value>local</value></Data><Data name="associated_es"><value>es1</value></Data><Data name="model"><value>mobilenet_v3_small</value></Data><Data name="latency_ms"><value>37.6736</value></Data><Data name="energy_j"><value>0.075347</value></Data><Data name="payment_dollar"><value>0.0</value></Data></ExtendedData><description>name: s086_u012; mode: local; associated_es: es1; model: mobilenet_v3_small; latency_ms: 37.6736; energy_j: 0.075347; payment_dollar: 0.0</description><Point><coordinates>126.895914728,37.528638815,0</coordinates></Point></Placemark><Placemark><name>s086_u013</name><styleUrl>#local</styleUrl><ExtendedData><Data name="name"><value>s086_u013</value></Data><Data name="mode"><value>local</value></Data><Data name="associated_es"><value>es1</value></Data><Data name="model"><value>efficientformerv2_s2</value></Data><Data name="latency_ms"><value>83.1243</value></Data><Data name="energy_j"><value>0.166249</value></Data><Data name="payment_dollar"><value>0.0</value></Data></ExtendedData><description>name: s086_u013; mode: local; associated_es: es1; model: efficientformerv2_s2; latency_ms: 83.1243; energy_j: 0.166249; payment_dollar: 0.0</description><Point><coordinates>126.859249695,37.514925346,0</coordinates></Point></Placemark><Placemark><name>s086_u017</name><styleUrl>#local</styleUrl><ExtendedData><Data name="name"><value>s086_u017</value></Data><Data name="mode"><value>local</value></Data><Data name="associated_es"><value>es1</value></Data><Data name="model"><value>emov2_5m_224_kd</value></Data><Data name="latency_ms"><value>113.9016</value></Data><Data name="energy_j"><value>0.227803</value></Data><Data name="payment_dollar"><value>0.0</value></Data></ExtendedData><description>name: s086_u017; mode: local; associated_es: es1; model: emov2_5m_224_kd; latency_ms: 113.9016; energy_j: 0.227803; payment_dollar: 0.0</description><Point><coordinates>126.949870218,37.501861875,0</coordinates></Point></Placemark><Placemark><name>s086_u018</name><styleUrl>#local</styleUrl><ExtendedData><Data name="name"><value>s086_u018</value></Data><Data name="mode"><value>local</value></Data><Data name="associated_es"><value>es1</value></Data><Data name="model"><value>efficientformerv2_s2</value></Data><Data name="latency_ms"><value>83.1243</value></Data><Data name="energy_j"><value>0.232748</value></Data><Data name="payment_dollar"><value>0.0</value></Data></ExtendedData><description>name: s086_u018; mode: local; associated_es: es1; model: efficientformerv2_s2; latency_ms: 83.1243; energy_j: 0.232748; payment_dollar: 0.0</description><Point><coordinates>126.958485326,37.483874538,0</coordinates></Point></Placemark><Placemark><name>s086_u020</name><styleUrl>#local</styleUrl><ExtendedData><Data name="name"><value>s086_u020</value></Data><Data name="mode"><value>local</value></Data><Data name="associated_es"><value>es1</value></Data><Data name="model"><value>efficientformerv2_s2</value></Data><Data name="latency_ms"><value>138.5404</value></Data><Data name="energy_j"><value>0.387913</value></Data><Data name="payment_dollar"><value>0.0</value></Data></ExtendedData><description>name: s086_u020; mode: local; associated_es: es1; model: efficientformerv2_s2; latency_ms: 138.5404; energy_j: 0.387913; payment_dollar: 0.0</description><Point><coordinates>126.981168804,37.474962727,0</coordinates></Point></Placemark><Placemark><name>s086_u021</name><styleUrl>#edge</styleUrl><ExtendedData><Data name="name"><value>s086_u021</value></Data><Data name="mode"><value>edge</value></Data><Data name="associated_es"><value>es1</value></Data><Data name="model"><value>efficientformerv2_s2</value></Data><Data name="cut"><value>11</value></Data><Data name="latency_ms"><value>202.4363</value></Data><Data name="energy_j"><value>0.074794</value></Data><Data name="payment_dollar"><value>0.0239999999999999</value></Data></ExtendedData><description>name: s086_u021; mode: edge; associated_es: es1; model: efficientformerv2_s2; cut: 11; latency_ms: 202.4363; energy_j: 0.074794; payment_dollar: 0.0239999999999999</description><Point><coordinates>126.901591323,37.526414341,0</coordinates></Point></Placemark><Placemark><name>s086_u022</name><styleUrl>#local</styleUrl><ExtendedData><Data name="name"><value>s086_u022</value></Data><Data name="mode"><value>local</value></Data><Data name="associated_es"><value>es1</value></Data><Data name="model"><value>mobilenet_v3_small</value></Data><Data name="latency_ms"><value>37.6736</value></Data><Data name="energy_j"><value>0.105486</value></Data><Data name="payment_dollar"><value>0.0</value></Data></ExtendedData><description>name: s086_u022; mode: local; associated_es: es1; model: mobilenet_v3_small; latency_ms: 37.6736; energy_j: 0.105486; payment_dollar: 0.0</description><Point><coordinates>126.992310348,37.499798506,0</coordinates></Point></Placemark><Placemark><name>s086_u024</name><styleUrl>#local</styleUrl><ExtendedData><Data name="name"><value>s086_u024</value></Data><Data name="mode"><value>local</value></Data><Data name="associated_es"><value>es1</value></Data><Data name="model"><value>emov2_5m_224_kd</value></Data><Data name="latency_ms"><value>256.2785</value></Data><Data name="energy_j"><value>0.71758</value></Data><Data name="payment_dollar"><value>0.0</value></Data></ExtendedData><description>name: s086_u024; mode: local; associated_es: es1; model: emov2_5m_224_kd; latency_ms: 256.2785; energy_j: 0.71758; payment_dollar: 0.0</description><Point><coordinates>126.862174328,37.503674293,0</coordinates></Point></Placemark><Placemark><name>s086_u025</name><styleUrl>#cloud</styleUrl><ExtendedData><Data name="name"><value>s086_u025</value></Data><Data name="mode"><value>cloud</value></Data><Data name="associated_es"><value>es1</value></Data><Data name="model"><value>efficientformerv2_s2</value></Data><Data name="cut"><value>11</value></Data><Data name="latency_ms"><value>632.3531</value></Data><Data name="energy_j"><value>0.336059</value></Data><Data name="payment_dollar"><value>0.0330733734615749</value></Data></ExtendedData><description>name: s086_u025; mode: cloud; associated_es: es1; model: efficientformerv2_s2; cut: 11; latency_ms: 632.3531; energy_j: 0.336059; payment_dollar: 0.0330733734615749</description><Point><coordinates>126.836220348,37.559865429,0</coordinates></Point></Placemark><Placemark><name>s086_u027</name><styleUrl>#local</styleUrl><ExtendedData><Data name="name"><value>s086_u027</value></Data><Data name="mode"><value>local</value></Data><Data name="associated_es"><value>es1</value></Data><Data name="model"><value>mobilenet_v3_small</value></Data><Data name="latency_ms"><value>14.1276</value></Data><Data name="energy_j"><value>0.028255</value></Data><Data name="payment_dollar"><value>0.0</value></Data></ExtendedData><description>name: s086_u027; mode: local; associated_es: es1; model: mobilenet_v3_small; latency_ms: 14.1276; energy_j: 0.028255; payment_dollar: 0.0</description><Point><coordinates>126.933070717,37.479248530,0</coordinates></Point></Placemark><Placemark><name>s086_u030</name><styleUrl>#local</styleUrl><ExtendedData><Data name="name"><value>s086_u030</value></Data><Data name="mode"><value>local</value></Data><Data name="associated_es"><value>es1</value></Data><Data name="model"><value>efficientformerv2_s2</value></Data><Data name="latency_ms"><value>138.5404</value></Data><Data name="energy_j"><value>0.277081</value></Data><Data name="payment_dollar"><value>0.0</value></Data></ExtendedData><description>name: s086_u030; mode: local; associated_es: es1; model: efficientformerv2_s2; latency_ms: 138.5404; energy_j: 0.277081; payment_dollar: 0.0</description><Point><coordinates>126.887923638,37.467756308,0</coordinates></Point></Placemark><Placemark><name>s086_u035</name><styleUrl>#local</styleUrl><ExtendedData><Data name="name"><value>s086_u035</value></Data><Data name="mode"><value>local</value></Data><Data name="associated_es"><value>es1</value></Data><Data name="model"><value>mobilenet_v3_small</value></Data><Data name="latency_ms"><value>14.1276</value></Data><Data name="energy_j"><value>0.028255</value></Data><Data name="payment_dollar"><value>0.0</value></Data></ExtendedData><description>name: s086_u035; mode: local; associated_es: es1; model: mobilenet_v3_small; latency_ms: 14.1276; energy_j: 0.028255; payment_dollar: 0.0</description><Point><coordinates>126.923722038,37.591871973,0</coordinates></Point></Placemark><Placemark><name>s086_u036</name><styleUrl>#edge</styleUrl><ExtendedData><Data name="name"><value>s086_u036</value></Data><Data name="mode"><value>edge</value></Data><Data name="associated_es"><value>es1</value></Data><Data name="model"><value>efficientformerv2_s2</value></Data><Data name="cut"><value>11</value></Data><Data name="latency_ms"><value>267.9038</value></Data><Data name="energy_j"><value>0.214752</value></Data><Data name="payment_dollar"><value>0.0239999999999999</value></Data></ExtendedData><description>name: s086_u036; mode: edge; associated_es: es1; model: efficientformerv2_s2; cut: 11; latency_ms: 267.9038; energy_j: 0.214752; payment_dollar: 0.0239999999999999</description><Point><coordinates>126.950002423,37.483835353,0</coordinates></Point></Placemark><Placemark><name>s086_u040</name><styleUrl>#local</styleUrl><ExtendedData><Data name="name"><value>s086_u040</value></Data><Data name="mode"><value>local</value></Data><Data name="associated_es"><value>es1</value></Data><Data name="model"><value>mobilenet_v3_small</value></Data><Data name="latency_ms"><value>14.1276</value></Data><Data name="energy_j"><value>0.028255</value></Data><Data name="payment_dollar"><value>0.0</value></Data></ExtendedData><description>name: s086_u040; mode: local; associated_es: es1; model: mobilenet_v3_small; latency_ms: 14.1276; energy_j: 0.028255; payment_dollar: 0.0</description><Point><coordinates>126.827648029,37.568830329,0</coordinates></Point></Placemark><Placemark><name>s086_u041</name><styleUrl>#local</styleUrl><ExtendedData><Data name="name"><value>s086_u041</value></Data><Data name="mode"><value>local</value></Data><Data name="associated_es"><value>es1</value></Data><Data name="model"><value>efficientformerv2_s2</value></Data><Data name="latency_ms"><value>83.1243</value></Data><Data name="energy_j"><value>0.124686</value></Data><Data name="payment_dollar"><value>0.0</value></Data></ExtendedData><description>name: s086_u041; mode: local; associated_es: es1; model: efficientformerv2_s2; latency_ms: 83.1243; energy_j: 0.124686; payment_dollar: 0.0</description><Point><coordinates>126.898762110,37.526399972,0</coordinates></Point></Placemark><Placemark><name>s086_u042</name><styleUrl>#local</styleUrl><ExtendedData><Data name="name"><value>s086_u042</value></Data><Data name="mode"><value>local</value></Data><Data name="associated_es"><value>es1</value></Data><Data name="model"><value>emov2_5m_224_kd</value></Data><Data name="latency_ms"><value>113.9016</value></Data><Data name="energy_j"><value>0.170852</value></Data><Data name="payment_dollar"><value>0.0</value></Data></ExtendedData><description>name: s086_u042; mode: local; associated_es: es1; model: emov2_5m_224_kd; latency_ms: 113.9016; energy_j: 0.170852; payment_dollar: 0.0</description><Point><coordinates>126.850685333,37.523892060,0</coordinates></Point></Placemark><Placemark><name>s086_u047</name><styleUrl>#local</styleUrl><ExtendedData><Data name="name"><value>s086_u047</value></Data><Data name="mode"><value>local</value></Data><Data name="associated_es"><value>es1</value></Data><Data name="model"><value>mobilenet_v3_small</value></Data><Data name="latency_ms"><value>14.1276</value></Data><Data name="energy_j"><value>0.028255</value></Data><Data name="payment_dollar"><value>0.0</value></Data></ExtendedData><description>name: s086_u047; mode: local; associated_es: es1; model: mobilenet_v3_small; latency_ms: 14.1276; energy_j: 0.028255; payment_dollar: 0.0</description><Point><coordinates>126.918356634,37.553538555,0</coordinates></Point></Placemark><Placemark><name>s086_u049</name><styleUrl>#local</styleUrl><ExtendedData><Data name="name"><value>s086_u049</value></Data><Data name="mode"><value>local</value></Data><Data name="associated_es"><value>es1</value></Data><Data name="model"><value>efficientformerv2_s2</value></Data><Data name="latency_ms"><value>138.5404</value></Data><Data name="energy_j"><value>0.277081</value></Data><Data name="payment_dollar"><value>0.0</value></Data></ExtendedData><description>name: s086_u049; mode: local; associated_es: es1; model: efficientformerv2_s2; latency_ms: 138.5404; energy_j: 0.277081; payment_dollar: 0.0</description><Point><coordinates>126.853514426,37.523907581,0</coordinates></Point></Placemark><Placemark><name>s086_u050</name><styleUrl>#local</styleUrl><ExtendedData><Data name="name"><value>s086_u050</value></Data><Data name="mode"><value>local</value></Data><Data name="associated_es"><value>es1</value></Data><Data name="model"><value>emov2_5m_224_kd</value></Data><Data name="latency_ms"><value>256.2785</value></Data><Data name="energy_j"><value>0.71758</value></Data><Data name="payment_dollar"><value>0.0</value></Data></ExtendedData><description>name: s086_u050; mode: local; associated_es: es1; model: emov2_5m_224_kd; latency_ms: 256.2785; energy_j: 0.71758; payment_dollar: 0.0</description><Point><coordinates>126.864773497,37.530728786,0</coordinates></Point></Placemark><Placemark><name>s086_u052</name><styleUrl>#local</styleUrl><ExtendedData><Data name="name"><value>s086_u052</value></Data><Data name="mode"><value>local</value></Data><Data name="associated_es"><value>es1</value></Data><Data name="model"><value>emov2_5m_224_kd</value></Data><Data name="latency_ms"><value>113.9016</value></Data><Data name="energy_j"><value>0.227803</value></Data><Data name="payment_dollar"><value>0.0</value></Data></ExtendedData><description>name: s086_u052; mode: local; associated_es: es1; model: emov2_5m_224_kd; latency_ms: 113.9016; energy_j: 0.227803; payment_dollar: 0.0</description><Point><coordinates>126.844869491,37.541886868,0</coordinates></Point></Placemark><Placemark><name>s086_u054</name><styleUrl>#local</styleUrl><ExtendedData><Data name="name"><value>s086_u054</value></Data><Data name="mode"><value>local</value></Data><Data name="associated_es"><value>es1</value></Data><Data name="model"><value>mobilenet_v3_small</value></Data><Data name="latency_ms"><value>14.1276</value></Data><Data name="energy_j"><value>0.021191</value></Data><Data name="payment_dollar"><value>0.0</value></Data></ExtendedData><description>name: s086_u054; mode: local; associated_es: es1; model: mobilenet_v3_small; latency_ms: 14.1276; energy_j: 0.021191; payment_dollar: 0.0</description><Point><coordinates>126.924484667,37.492727373,0</coordinates></Point></Placemark><Placemark><name>s086_u055</name><styleUrl>#local</styleUrl><ExtendedData><Data name="name"><value>s086_u055</value></Data><Data name="mode"><value>local</value></Data><Data name="associated_es"><value>es1</value></Data><Data name="model"><value>efficientformerv2_s2</value></Data><Data name="latency_ms"><value>138.5404</value></Data><Data name="energy_j"><value>0.387913</value></Data><Data name="payment_dollar"><value>0.0</value></Data></ExtendedData><description>name: s086_u055; mode: local; associated_es: es1; model: efficientformerv2_s2; latency_ms: 138.5404; energy_j: 0.387913; payment_dollar: 0.0</description><Point><coordinates>126.873393510,37.515001229,0</coordinates></Point></Placemark><Placemark><name>s086_u056</name><styleUrl>#local</styleUrl><ExtendedData><Data name="name"><value>s086_u056</value></Data><Data name="mode"><value>local</value></Data><Data name="associated_es"><value>es1</value></Data><Data name="model"><value>efficientformerv2_s2</value></Data><Data name="latency_ms"><value>83.1243</value></Data><Data name="energy_j"><value>0.124686</value></Data><Data name="payment_dollar"><value>0.0</value></Data></ExtendedData><description>name: s086_u056; mode: local; associated_es: es1; model: efficientformerv2_s2; latency_ms: 83.1243; energy_j: 0.124686; payment_dollar: 0.0</description><Point><coordinates>126.918689020,37.510726082,0</coordinates></Point></Placemark><Placemark><name>s086_u066</name><styleUrl>#local</styleUrl><ExtendedData><Data name="name"><value>s086_u066</value></Data><Data name="mode"><value>local</value></Data><Data name="associated_es"><value>es1</value></Data><Data name="model"><value>mobilenet_v3_small</value></Data><Data name="latency_ms"><value>37.6736</value></Data><Data name="energy_j"><value>0.075347</value></Data><Data name="payment_dollar"><value>0.0</value></Data></ExtendedData><description>name: s086_u066; mode: local; associated_es: es1; model: mobilenet_v3_small; latency_ms: 37.6736; energy_j: 0.075347; payment_dollar: 0.0</description><Point><coordinates>126.864697039,37.539741844,0</coordinates></Point></Placemark><Placemark><name>s086_u069</name><styleUrl>#local</styleUrl><ExtendedData><Data name="name"><value>s086_u069</value></Data><Data name="mode"><value>local</value></Data><Data name="associated_es"><value>es1</value></Data><Data name="model"><value>efficientformerv2_s2</value></Data><Data name="latency_ms"><value>83.1243</value></Data><Data name="energy_j"><value>0.166249</value></Data><Data name="payment_dollar"><value>0.0</value></Data></ExtendedData><description>name: s086_u069; mode: local; associated_es: es1; model: efficientformerv2_s2; latency_ms: 83.1243; energy_j: 0.166249; payment_dollar: 0.0</description><Point><coordinates>126.955182822,37.549207485,0</coordinates></Point></Placemark><Placemark><name>s086_u070</name><styleUrl>#edge</styleUrl><ExtendedData><Data name="name"><value>s086_u070</value></Data><Data name="mode"><value>edge</value></Data><Data name="associated_es"><value>es1</value></Data><Data name="model"><value>efficientformerv2_s2</value></Data><Data name="cut"><value>1</value></Data><Data name="latency_ms"><value>159.8791</value></Data><Data name="energy_j"><value>0.037263</value></Data><Data name="payment_dollar"><value>0.0959999999999999</value></Data></ExtendedData><description>name: s086_u070; mode: edge; associated_es: es1; model: efficientformerv2_s2; cut: 1; latency_ms: 159.8791; energy_j: 0.037263; payment_dollar: 0.0959999999999999</description><Point><coordinates>126.831203453,37.487729353,0</coordinates></Point></Placemark><Placemark><name>s086_u071</name><styleUrl>#local</styleUrl><ExtendedData><Data name="name"><value>s086_u071</value></Data><Data name="mode"><value>local</value></Data><Data name="associated_es"><value>es1</value></Data><Data name="model"><value>mobilenet_v3_small</value></Data><Data name="latency_ms"><value>37.6736</value></Data><Data name="energy_j"><value>0.075347</value></Data><Data name="payment_dollar"><value>0.0</value></Data></ExtendedData><description>name: s086_u071; mode: local; associated_es: es1; model: mobilenet_v3_small; latency_ms: 37.6736; energy_j: 0.075347; payment_dollar: 0.0</description><Point><coordinates>126.907837050,37.452083977,0</coordinates></Point></Placemark><Placemark><name>s086_u002</name><styleUrl>#local</styleUrl><ExtendedData><Data name="name"><value>s086_u002</value></Data><Data name="mode"><value>local</value></Data><Data name="associated_es"><value>es2</value></Data><Data name="model"><value>efficientformerv2_s2</value></Data><Data name="latency_ms"><value>83.1243</value></Data><Data name="energy_j"><value>0.166249</value></Data><Data name="payment_dollar"><value>0.0</value></Data></ExtendedData><description>name: s086_u002; mode: local; associated_es: es2; model: efficientformerv2_s2; latency_ms: 83.1243; energy_j: 0.166249; payment_dollar: 0.0</description><Point><coordinates>127.048943499,37.488761321,0</coordinates></Point></Placemark><Placemark><name>s086_u003</name><styleUrl>#edge</styleUrl><ExtendedData><Data name="name"><value>s086_u003</value></Data><Data name="mode"><value>edge</value></Data><Data name="associated_es"><value>es2</value></Data><Data name="model"><value>efficientformerv2_s2</value></Data><Data name="cut"><value>11</value></Data><Data name="latency_ms"><value>158.9835</value></Data><Data name="energy_j"><value>0.075669</value></Data><Data name="payment_dollar"><value>0.0239999999999999</value></Data></ExtendedData><description>name: s086_u003; mode: edge; associated_es: es2; model: efficientformerv2_s2; cut: 11; latency_ms: 158.9835; energy_j: 0.075669; payment_dollar: 0.0239999999999999</description><Point><coordinates>127.011520393,37.590014632,0</coordinates></Point></Placemark><Placemark><name>s086_u005</name><styleUrl>#local</styleUrl><ExtendedData><Data name="name"><value>s086_u005</value></Data><Data name="mode"><value>local</value></Data><Data name="associated_es"><value>es2</value></Data><Data name="model"><value>mobilenet_v3_small</value></Data><Data name="latency_ms"><value>14.1276</value></Data><Data name="energy_j"><value>0.021191</value></Data><Data name="payment_dollar"><value>0.0</value></Data></ExtendedData><description>name: s086_u005; mode: local; associated_es: es2; model: mobilenet_v3_small; latency_ms: 14.1276; energy_j: 0.021191; payment_dollar: 0.0</description><Point><coordinates>127.068466193,37.536155543,0</coordinates></Point></Placemark><Placemark><name>s086_u006</name><styleUrl>#local</styleUrl><ExtendedData><Data name="name"><value>s086_u006</value></Data><Data name="mode"><value>local</value></Data><Data name="associated_es"><value>es2</value></Data><Data name="model"><value>mobilenet_v3_small</value></Data><Data name="latency_ms"><value>14.1276</value></Data><Data name="energy_j"><value>0.021191</value></Data><Data name="payment_dollar"><value>0.0</value></Data></ExtendedData><description>name: s086_u006; mode: local; associated_es: es2; model: mobilenet_v3_small; latency_ms: 14.1276; energy_j: 0.021191; payment_dollar: 0.0</description><Point><coordinates>127.048400325,37.578894667,0</coordinates></Point></Placemark><Placemark><name>s086_u007</name><styleUrl>#edge</styleUrl><ExtendedData><Data name="name"><value>s086_u007</value></Data><Data name="mode"><value>edge</value></Data><Data name="associated_es"><value>es2</value></Data><Data name="model"><value>efficientformerv2_s2</value></Data><Data name="cut"><value>11</value></Data><Data name="latency_ms"><value>157.5571</value></Data><Data name="energy_j"><value>0.075419</value></Data><Data name="payment_dollar"><value>0.0239999999999999</value></Data></ExtendedData><description>name: s086_u007; mode: edge; associated_es: es2; model: efficientformerv2_s2; cut: 11; latency_ms: 157.5571; energy_j: 0.075419; payment_dollar: 0.0239999999999999</description><Point><coordinates>127.091054263,37.545249470,0</coordinates></Point></Placemark><Placemark><name>s086_u009</name><styleUrl>#local</styleUrl><ExtendedData><Data name="name"><value>s086_u009</value></Data><Data name="mode"><value>local</value></Data><Data name="associated_es"><value>es2</value></Data><Data name="model"><value>mobilenet_v3_small</value></Data><Data name="latency_ms"><value>14.1276</value></Data><Data name="energy_j"><value>0.021191</value></Data><Data name="payment_dollar"><value>0.0</value></Data></ExtendedData><description>name: s086_u009; mode: local; associated_es: es2; model: mobilenet_v3_small; latency_ms: 14.1276; energy_j: 0.021191; payment_dollar: 0.0</description><Point><coordinates>127.136268864,37.558917712,0</coordinates></Point></Placemark><Placemark><name>s086_u010</name><styleUrl>#local</styleUrl><ExtendedData><Data name="name"><value>s086_u010</value></Data><Data name="mode"><value>local</value></Data><Data name="associated_es"><value>es2</value></Data><Data name="model"><value>efficientformerv2_s2</value></Data><Data name="latency_ms"><value>83.1243</value></Data><Data name="energy_j"><value>0.124686</value></Data><Data name="payment_dollar"><value>0.0</value></Data></ExtendedData><description>name: s086_u010; mode: local; associated_es: es2; model: efficientformerv2_s2; latency_ms: 83.1243; energy_j: 0.124686; payment_dollar: 0.0</description><Point><coordinates>126.997422658,37.580941999,0</coordinates></Point></Placemark><Placemark><name>s086_u014</name><styleUrl>#local</styleUrl><ExtendedData><Data name="name"><value>s086_u014</value></Data><Data name="mode"><value>local</value></Data><Data name="associated_es"><value>es2</value></Data><Data name="model"><value>emov2_5m_224_kd</value></Data><Data name="latency_ms"><value>113.9016</value></Data><Data name="energy_j"><value>0.170852</value></Data><Data name="payment_dollar"><value>0.0</value></Data></ExtendedData><description>name: s086_u014; mode: local; associated_es: es2; model: emov2_5m_224_kd; latency_ms: 113.9016; energy_j: 0.170852; payment_dollar: 0.0</description><Point><coordinates>127.023607277,37.470634641,0</coordinates></Point></Placemark><Placemark><name>s086_u015</name><styleUrl>#local</styleUrl><ExtendedData><Data name="name"><value>s086_u015</value></Data><Data name="mode"><value>local</value></Data><Data name="associated_es"><value>es2</value></Data><Data name="model"><value>mobilenet_v3_small</value></Data><Data name="latency_ms"><value>37.6736</value></Data><Data name="energy_j"><value>0.105486</value></Data><Data name="payment_dollar"><value>0.0</value></Data></ExtendedData><description>name: s086_u015; mode: local; associated_es: es2; model: mobilenet_v3_small; latency_ms: 37.6736; energy_j: 0.105486; payment_dollar: 0.0</description><Point><coordinates>127.102553686,37.511487860,0</coordinates></Point></Placemark><Placemark><name>s086_u016</name><styleUrl>#local</styleUrl><ExtendedData><Data name="name"><value>s086_u016</value></Data><Data name="mode"><value>local</value></Data><Data name="associated_es"><value>es2</value></Data><Data name="model"><value>efficientformerv2_s2</value></Data><Data name="latency_ms"><value>83.1243</value></Data><Data name="energy_j"><value>0.232748</value></Data><Data name="payment_dollar"><value>0.0</value></Data></ExtendedData><description>name: s086_u016; mode: local; associated_es: es2; model: efficientformerv2_s2; latency_ms: 83.1243; energy_j: 0.232748; payment_dollar: 0.0</description><Point><coordinates>127.023306608,37.517954796,0</coordinates></Point></Placemark><Placemark><name>s086_u019</name><styleUrl>#local</styleUrl><ExtendedData><Data name="name"><value>s086_u019</value></Data><Data name="mode"><value>local</value></Data><Data name="associated_es"><value>es2</value></Data><Data name="model"><value>mobilenet_v3_small</value></Data><Data name="latency_ms"><value>14.1276</value></Data><Data name="energy_j"><value>0.028255</value></Data><Data name="payment_dollar"><value>0.0</value></Data></ExtendedData><description>name: s086_u019; mode: local; associated_es: es2; model: mobilenet_v3_small; latency_ms: 14.1276; energy_j: 0.028255; payment_dollar: 0.0</description><Point><coordinates>127.031891984,37.502215382,0</coordinates></Point></Placemark><Placemark><name>s086_u023</name><styleUrl>#local</styleUrl><ExtendedData><Data name="name"><value>s086_u023</value></Data><Data name="mode"><value>local</value></Data><Data name="associated_es"><value>es2</value></Data><Data name="model"><value>emov2_5m_224_kd</value></Data><Data name="latency_ms"><value>113.9016</value></Data><Data name="energy_j"><value>0.170852</value></Data><Data name="payment_dollar"><value>0.0</value></Data></ExtendedData><description>name: s086_u023; mode: local; associated_es: es2; model: emov2_5m_224_kd; latency_ms: 113.9016; energy_j: 0.170852; payment_dollar: 0.0</description><Point><coordinates>127.107513943,37.644453463,0</coordinates></Point></Placemark><Placemark><name>s086_u026</name><styleUrl>#local</styleUrl><ExtendedData><Data name="name"><value>s086_u026</value></Data><Data name="mode"><value>local</value></Data><Data name="associated_es"><value>es2</value></Data><Data name="model"><value>mobilenet_v3_small</value></Data><Data name="latency_ms"><value>37.6736</value></Data><Data name="energy_j"><value>0.075347</value></Data><Data name="payment_dollar"><value>0.0</value></Data></ExtendedData><description>name: s086_u026; mode: local; associated_es: es2; model: mobilenet_v3_small; latency_ms: 37.6736; energy_j: 0.075347; payment_dollar: 0.0</description><Point><coordinates>127.050635061,37.678050582,0</coordinates></Point></Placemark><Placemark><name>s086_u028</name><styleUrl>#local</styleUrl><ExtendedData><Data name="name"><value>s086_u028</value></Data><Data name="mode"><value>local</value></Data><Data name="associated_es"><value>es2</value></Data><Data name="model"><value>efficientformerv2_s2</value></Data><Data name="latency_ms"><value>138.5404</value></Data><Data name="energy_j"><value>0.387913</value></Data><Data name="payment_dollar"><value>0.0</value></Data></ExtendedData><description>name: s086_u028; mode: local; associated_es: es2; model: efficientformerv2_s2; latency_ms: 138.5404; energy_j: 0.387913; payment_dollar: 0.0</description><Point><coordinates>126.977666410,37.571842779,0</coordinates></Point></Placemark><Placemark><name>s086_u029</name><styleUrl>#edge</styleUrl><ExtendedData><Data name="name"><value>s086_u029</value></Data><Data name="mode"><value>edge</value></Data><Data name="associated_es"><value>es2</value></Data><Data name="model"><value>efficientformerv2_s2</value></Data><Data name="cut"><value>6</value></Data><Data name="latency_ms"><value>221.4712</value></Data><Data name="energy_j"><value>0.135488</value></Data><Data name="payment_dollar"><value>0.036</value></Data></ExtendedData><description>name: s086_u029; mode: edge; associated_es: es2; model: efficientformerv2_s2; cut: 6; latency_ms: 221.4712; energy_j: 0.135488; payment_dollar: 0.036</description><Point><coordinates>127.017677714,37.513425164,0</coordinates></Point></Placemark><Placemark><name>s086_u031</name><styleUrl>#edge</styleUrl><ExtendedData><Data name="name"><value>s086_u031</value></Data><Data name="mode"><value>edge</value></Data><Data name="associated_es"><value>es2</value></Data><Data name="model"><value>efficientformerv2_s2</value></Data><Data name="cut"><value>11</value></Data><Data name="latency_ms"><value>311.966</value></Data><Data name="energy_j"><value>0.223565</value></Data><Data name="payment_dollar"><value>0.0119999999999999</value></Data></ExtendedData><description>name: s086_u031; mode: edge; associated_es: es2; model: efficientformerv2_s2; cut: 11; latency_ms: 311.966; energy_j: 0.223565; payment_dollar: 0.0119999999999999</description><Point><coordinates>126.989021087,37.567385739,0</coordinates></Point></Placemark><Placemark><name>s086_u032</name><styleUrl>#local</styleUrl><ExtendedData><Data name="name"><value>s086_u032</value></Data><Data name="mode"><value>local</value></Data><Data name="associated_es"><value>es2</value></Data><Data name="model"><value>efficientformerv2_s2</value></Data><Data name="latency_ms"><value>83.1243</value></Data><Data name="energy_j"><value>0.232748</value></Data><Data name="payment_dollar"><value>0.0</value></Data></ExtendedData><description>name: s086_u032; mode: local; associated_es: es2; model: efficientformerv2_s2; latency_ms: 83.1243; energy_j: 0.232748; payment_dollar: 0.0</description><Point><coordinates>127.020290070,37.547236570,0</coordinates></Point></Placemark><Placemark><name>s086_u033</name><styleUrl>#edge</styleUrl><ExtendedData><Data name="name"><value>s086_u033</value></Data><Data name="mode"><value>edge</value></Data><Data name="associated_es"><value>es2</value></Data><Data name="model"><value>efficientformerv2_s2</value></Data><Data name="cut"><value>11</value></Data><Data name="latency_ms"><value>148.9679</value></Data><Data name="energy_j"><value>0.073916</value></Data><Data name="payment_dollar"><value>0.0239999999999999</value></Data></ExtendedData><description>name: s086_u033; mode: edge; associated_es: es2; model: efficientformerv2_s2; cut: 11; latency_ms: 148.9679; energy_j: 0.073916; payment_dollar: 0.0239999999999999</description><Point><coordinates>127.082463682,37.563246449,0</coordinates></Point></Placemark><Placemark><name>s086_u034</name><styleUrl>#local</styleUrl><ExtendedData><Data name="name"><value>s086_u034</value></Data><Data name="mode"><value>local</value></Data><Data name="associated_es"><value>es2</value></Data><Data name="model"><value>emov2_5m_224_kd</value></Data><Data name="latency_ms"><value>113.9016</value></Data><Data name="energy_j"><value>0.170852</value></Data><Data name="payment_dollar"><value>0.0</value></Data></ExtendedData><description>name: s086_u034; mode: local; associated_es: es2; model: emov2_5m_224_kd; latency_ms: 113.9016; energy_j: 0.170852; payment_dollar: 0.0</description><Point><coordinates>127.012225400,37.481855226,0</coordinates></Point></Placemark><Placemark><name>s086_u037</name><styleUrl>#local</styleUrl><ExtendedData><Data name="name"><value>s086_u037</value></Data><Data name="mode"><value>local</value></Data><Data name="associated_es"><value>es2</value></Data><Data name="model"><value>efficientformerv2_s2</value></Data><Data name="latency_ms"><value>83.1243</value></Data><Data name="energy_j"><value>0.232748</value></Data><Data name="payment_dollar"><value>0.0</value></Data></ExtendedData><description>name: s086_u037; mode: local; associated_es: es2; model: efficientformerv2_s2; latency_ms: 83.1243; energy_j: 0.232748; payment_dollar: 0.0</description><Point><coordinates>126.994697921,37.565156805,0</coordinates></Point></Placemark><Placemark><name>s086_u038</name><styleUrl>#local</styleUrl><ExtendedData><Data name="name"><value>s086_u038</value></Data><Data name="mode"><value>local</value></Data><Data name="associated_es"><value>es2</value></Data><Data name="model"><value>mobilenet_v3_small</value></Data><Data name="latency_ms"><value>37.6736</value></Data><Data name="energy_j"><value>0.105486</value></Data><Data name="payment_dollar"><value>0.0</value></Data></ExtendedData><description>name: s086_u038; mode: local; associated_es: es2; model: mobilenet_v3_small; latency_ms: 37.6736; energy_j: 0.105486; payment_dollar: 0.0</description><Point><coordinates>127.020535322,37.508930015,0</coordinates></Point></Placemark><Placemark><name>s086_u039</name><styleUrl>#local</styleUrl><ExtendedData><Data name="name"><value>s086_u039</value></Data><Data name="mode"><value>local</value></Data><Data name="associated_es"><value>es2</value></Data><Data name="model"><value>efficientformerv2_s2</value></Data><Data name="latency_ms"><value>138.5404</value></Data><Data name="energy_j"><value>0.207811</value></Data><Data name="payment_dollar"><value>0.0</value></Data></ExtendedData><description>name: s086_u039; mode: local; associated_es: es2; model: efficientformerv2_s2; latency_ms: 138.5404; energy_j: 0.207811; payment_dollar: 0.0</description><Point><coordinates>127.071179694,37.556445871,0</coordinates></Point></Placemark><Placemark><name>s086_u043</name><styleUrl>#local</styleUrl><ExtendedData><Data name="name"><value>s086_u043</value></Data><Data name="mode"><value>local</value></Data><Data name="associated_es"><value>es2</value></Data><Data name="model"><value>mobilenet_v3_small</value></Data><Data name="latency_ms"><value>14.1276</value></Data><Data name="energy_j"><value>0.021191</value></Data><Data name="payment_dollar"><value>0.0</value></Data></ExtendedData><description>name: s086_u043; mode: local; associated_es: es2; model: mobilenet_v3_small; latency_ms: 14.1276; energy_j: 0.021191; payment_dollar: 0.0</description><Point><coordinates>127.051150418,37.592425352,0</coordinates></Point></Placemark><Placemark><name>s086_u044</name><styleUrl>#local</styleUrl><ExtendedData><Data name="name"><value>s086_u044</value></Data><Data name="mode"><value>local</value></Data><Data name="associated_es"><value>es2</value></Data><Data name="model"><value>mobilenet_v3_small</value></Data><Data name="latency_ms"><value>37.6736</value></Data><Data name="energy_j"><value>0.105486</value></Data><Data name="payment_dollar"><value>0.0</value></Data></ExtendedData><description>name: s086_u044; mode: local; associated_es: es2; model: mobilenet_v3_small; latency_ms: 37.6736; energy_j: 0.105486; payment_dollar: 0.0</description><Point><coordinates>126.997725260,37.535875850,0</coordinates></Point></Placemark><Placemark><name>s086_u045</name><styleUrl>#local</styleUrl><ExtendedData><Data name="name"><value>s086_u045</value></Data><Data name="mode"><value>local</value></Data><Data name="associated_es"><value>es2</value></Data><Data name="model"><value>mobilenet_v3_small</value></Data><Data name="latency_ms"><value>14.1276</value></Data><Data name="energy_j"><value>0.021191</value></Data><Data name="payment_dollar"><value>0.0</value></Data></ExtendedData><description>name: s086_u045; mode: local; associated_es: es2; model: mobilenet_v3_small; latency_ms: 14.1276; energy_j: 0.021191; payment_dollar: 0.0</description><Point><coordinates>127.042889287,37.554086356,0</coordinates></Point></Placemark><Placemark><name>s086_u046</name><styleUrl>#local</styleUrl><ExtendedData><Data name="name"><value>s086_u046</value></Data><Data name="mode"><value>local</value></Data><Data name="associated_es"><value>es2</value></Data><Data name="model"><value>mobilenet_v3_small</value></Data><Data name="latency_ms"><value>37.6736</value></Data><Data name="energy_j"><value>0.075347</value></Data><Data name="payment_dollar"><value>0.0</value></Data></ExtendedData><description>name: s086_u046; mode: local; associated_es: es2; model: mobilenet_v3_small; latency_ms: 37.6736; energy_j: 0.075347; payment_dollar: 0.0</description><Point><coordinates>127.013882699,37.662131507,0</coordinates></Point></Placemark><Placemark><name>s086_u048</name><styleUrl>#edge</styleUrl><ExtendedData><Data name="name"><value>s086_u048</value></Data><Data name="mode"><value>edge</value></Data><Data name="associated_es"><value>es2</value></Data><Data name="model"><value>efficientformerv2_s2</value></Data><Data name="cut"><value>11</value></Data><Data name="latency_ms"><value>138.0581</value></Data><Data name="energy_j"><value>0.072007</value></Data><Data name="payment_dollar"><value>0.0239999999999999</value></Data></ExtendedData><description>name: s086_u048; mode: edge; associated_es: es2; model: efficientformerv2_s2; cut: 11; latency_ms: 138.0581; energy_j: 0.072007; payment_dollar: 0.0239999999999999</description><Point><coordinates>127.000238918,37.583207320,0</coordinates></Point></Placemark><Placemark><name>s086_u051</name><styleUrl>#local</styleUrl><ExtendedData><Data name="name"><value>s086_u051</value></Data><Data name="mode"><value>local</value></Data><Data name="associated_es"><value>es2</value></Data><Data name="model"><value>mobilenet_v3_small</value></Data><Data name="latency_ms"><value>37.6736</value></Data><Data name="energy_j"><value>0.105486</value></Data><Data name="payment_dollar"><value>0.0</value></Data></ExtendedData><description>name: s086_u051; mode: local; associated_es: es2; model: mobilenet_v3_small; latency_ms: 37.6736; energy_j: 0.105486; payment_dollar: 0.0</description><Point><coordinates>127.026064294,37.529232831,0</coordinates></Point></Placemark><Placemark><name>s086_u053</name><styleUrl>#local</styleUrl><ExtendedData><Data name="name"><value>s086_u053</value></Data><Data name="mode"><value>local</value></Data><Data name="associated_es"><value>es2</value></Data><Data name="model"><value>mobilenet_v3_small</value></Data><Data name="latency_ms"><value>14.1276</value></Data><Data name="energy_j"><value>0.021191</value></Data><Data name="payment_dollar"><value>0.0</value></Data></ExtendedData><description>name: s086_u053; mode: local; associated_es: es2; model: mobilenet_v3_small; latency_ms: 14.1276; energy_j: 0.021191; payment_dollar: 0.0</description><Point><coordinates>126.977666410,37.571842779,0</coordinates></Point></Placemark><Placemark><name>s086_u057</name><styleUrl>#local</styleUrl><ExtendedData><Data name="name"><value>s086_u057</value></Data><Data name="mode"><value>local</value></Data><Data name="associated_es"><value>es2</value></Data><Data name="model"><value>efficientformerv2_s2</value></Data><Data name="latency_ms"><value>83.1243</value></Data><Data name="energy_j"><value>0.166249</value></Data><Data name="payment_dollar"><value>0.0</value></Data></ExtendedData><description>name: s086_u057; mode: local; associated_es: es2; model: efficientformerv2_s2; latency_ms: 83.1243; energy_j: 0.166249; payment_dollar: 0.0</description><Point><coordinates>127.011284552,37.626067323,0</coordinates></Point></Placemark><Placemark><name>s086_u058</name><styleUrl>#local</styleUrl><ExtendedData><Data name="name"><value>s086_u058</value></Data><Data name="mode"><value>local</value></Data><Data name="associated_es"><value>es2</value></Data><Data name="model"><value>mobilenet_v3_small</value></Data><Data name="latency_ms"><value>37.6736</value></Data><Data name="energy_j"><value>0.105486</value></Data><Data name="payment_dollar"><value>0.0</value></Data></ExtendedData><description>name: s086_u058; mode: local; associated_es: es2; model: mobilenet_v3_small; latency_ms: 37.6736; energy_j: 0.105486; payment_dollar: 0.0</description><Point><coordinates>127.065309331,37.592478347,0</coordinates></Point></Placemark><Placemark><name>s086_u059</name><styleUrl>#local</styleUrl><ExtendedData><Data name="name"><value>s086_u059</value></Data><Data name="mode"><value>local</value></Data><Data name="associated_es"><value>es2</value></Data><Data name="model"><value>mobilenet_v3_small</value></Data><Data name="latency_ms"><value>14.1276</value></Data><Data name="energy_j"><value>0.028255</value></Data><Data name="payment_dollar"><value>0.0</value></Data></ExtendedData><description>name: s086_u059; mode: local; associated_es: es2; model: mobilenet_v3_small; latency_ms: 14.1276; energy_j: 0.028255; payment_dollar: 0.0</description><Point><coordinates>127.085705806,37.488895956,0</coordinates></Point></Placemark><Placemark><name>s086_u060</name><styleUrl>#local</styleUrl><ExtendedData><Data name="name"><value>s086_u060</value></Data><Data name="mode"><value>local</value></Data><Data name="associated_es"><value>es2</value></Data><Data name="model"><value>mobilenet_v3_small</value></Data><Data name="latency_ms"><value>14.1276</value></Data><Data name="energy_j"><value>0.021191</value></Data><Data name="payment_dollar"><value>0.0</value></Data></ExtendedData><description>name: s086_u060; mode: local; associated_es: es2; model: mobilenet_v3_small; latency_ms: 14.1276; energy_j: 0.021191; payment_dollar: 0.0</description><Point><coordinates>127.059632484,37.594710667,0</coordinates></Point></Placemark><Placemark><name>s086_u061</name><styleUrl>#local</styleUrl><ExtendedData><Data name="name"><value>s086_u061</value></Data><Data name="mode"><value>local</value></Data><Data name="associated_es"><value>es2</value></Data><Data name="model"><value>efficientformerv2_s2</value></Data><Data name="latency_ms"><value>138.5404</value></Data><Data name="energy_j"><value>0.387913</value></Data><Data name="payment_dollar"><value>0.0</value></Data></ExtendedData><description>name: s086_u061; mode: local; associated_es: es2; model: efficientformerv2_s2; latency_ms: 138.5404; energy_j: 0.387913; payment_dollar: 0.0</description><Point><coordinates>127.006525771,37.488591760,0</coordinates></Point></Placemark><Placemark><name>s086_u062</name><styleUrl>#local</styleUrl><ExtendedData><Data name="name"><value>s086_u062</value></Data><Data name="mode"><value>local</value></Data><Data name="associated_es"><value>es2</value></Data><Data name="model"><value>mobilenet_v3_small</value></Data><Data name="latency_ms"><value>37.6736</value></Data><Data name="energy_j"><value>0.105486</value></Data><Data name="payment_dollar"><value>0.0</value></Data></ExtendedData><description>name: s086_u062; mode: local; associated_es: es2; model: mobilenet_v3_small; latency_ms: 37.6736; energy_j: 0.105486; payment_dollar: 0.0</description><Point><coordinates>127.043136780,37.513526382,0</coordinates></Point></Placemark><Placemark><name>s086_u063</name><styleUrl>#local</styleUrl><ExtendedData><Data name="name"><value>s086_u063</value></Data><Data name="mode"><value>local</value></Data><Data name="associated_es"><value>es2</value></Data><Data name="model"><value>efficientformerv2_s2</value></Data><Data name="latency_ms"><value>83.1243</value></Data><Data name="energy_j"><value>0.124686</value></Data><Data name="payment_dollar"><value>0.0</value></Data></ExtendedData><description>name: s086_u063; mode: local; associated_es: es2; model: efficientformerv2_s2; latency_ms: 83.1243; energy_j: 0.124686; payment_dollar: 0.0</description><Point><coordinates>127.167414894,37.556756171,0</coordinates></Point></Placemark><Placemark><name>s086_u064</name><styleUrl>#local</styleUrl><ExtendedData><Data name="name"><value>s086_u064</value></Data><Data name="mode"><value>local</value></Data><Data name="associated_es"><value>es2</value></Data><Data name="model"><value>mobilenet_v3_small</value></Data><Data name="latency_ms"><value>14.1276</value></Data><Data name="energy_j"><value>0.028255</value></Data><Data name="payment_dollar"><value>0.0</value></Data></ExtendedData><description>name: s086_u064; mode: local; associated_es: es2; model: mobilenet_v3_small; latency_ms: 14.1276; energy_j: 0.028255; payment_dollar: 0.0</description><Point><coordinates>127.085094338,37.599309648,0</coordinates></Point></Placemark><Placemark><name>s086_u065</name><styleUrl>#local</styleUrl><ExtendedData><Data name="name"><value>s086_u065</value></Data><Data name="mode"><value>local</value></Data><Data name="associated_es"><value>es2</value></Data><Data name="model"><value>efficientformerv2_s2</value></Data><Data name="latency_ms"><value>83.1243</value></Data><Data name="energy_j"><value>0.124686</value></Data><Data name="payment_dollar"><value>0.0</value></Data></ExtendedData><description>name: s086_u065; mode: local; associated_es: es2; model: efficientformerv2_s2; latency_ms: 83.1243; energy_j: 0.124686; payment_dollar: 0.0</description><Point><coordinates>127.031130015,37.623894502,0</coordinates></Point></Placemark><Placemark><name>s086_u067</name><styleUrl>#local</styleUrl><ExtendedData><Data name="name"><value>s086_u067</value></Data><Data name="mode"><value>local</value></Data><Data name="associated_es"><value>es2</value></Data><Data name="model"><value>efficientformerv2_s2</value></Data><Data name="latency_ms"><value>138.5404</value></Data><Data name="energy_j"><value>0.277081</value></Data><Data name="payment_dollar"><value>0.0</value></Data></ExtendedData><description>name: s086_u067; mode: local; associated_es: es2; model: efficientformerv2_s2; latency_ms: 138.5404; energy_j: 0.277081; payment_dollar: 0.0</description><Point><coordinates>127.031934182,37.495455357,0</coordinates></Point></Placemark><Placemark><name>s086_u068</name><styleUrl>#local</styleUrl><ExtendedData><Data name="name"><value>s086_u068</value></Data><Data name="mode"><value>local</value></Data><Data name="associated_es"><value>es2</value></Data><Data name="model"><value>efficientformerv2_s2</value></Data><Data name="latency_ms"><value>83.1243</value></Data><Data name="energy_j"><value>0.166249</value></Data><Data name="payment_dollar"><value>0.0</value></Data></ExtendedData><description>name: s086_u068; mode: local; associated_es: es2; model: efficientformerv2_s2; latency_ms: 83.1243; energy_j: 0.166249; payment_dollar: 0.0</description><Point><coordinates>126.986190283,37.567373453,0</coordinates></Point></Placemark><Placemark><name>s086_u072</name><styleUrl>#local</styleUrl><ExtendedData><Data name="name"><value>s086_u072</value></Data><Data name="mode"><value>local</value></Data><Data name="associated_es"><value>es2</value></Data><Data name="model"><value>efficientformerv2_s2</value></Data><Data name="latency_ms"><value>83.1243</value></Data><Data name="energy_j"><value>0.232748</value></Data><Data name="payment_dollar"><value>0.0</value></Data></ExtendedData><description>name: s086_u072; mode: local; associated_es: es2; model: efficientformerv2_s2; latency_ms: 83.1243; energy_j: 0.232748; payment_dollar: 0.0</description><Point><coordinates>127.050893012,37.635238123,0</coordinates></Point></Placemark><Placemark><name>s086_u011 to es1</name><styleUrl>#link</styleUrl><LineString><tessellate>1</tessellate><coordinates>126.921134592,37.560312302,0 126.907564703,37.532204887,0</coordinates></LineString></Placemark><Placemark><name>s086_u021 to es1</name><styleUrl>#link</styleUrl><LineString><tessellate>1</tessellate><coordinates>126.901591323,37.526414341,0 126.907564703,37.532204887,0</coordinates></LineString></Placemark><Placemark><name>s086_u036 to es1</name><styleUrl>#link</styleUrl><LineString><tessellate>1</tessellate><coordinates>126.950002423,37.483835353,0 126.907564703,37.532204887,0</coordinates></LineString></Placemark><Placemark><name>s086_u070 to es1</name><styleUrl>#link</styleUrl><LineString><tessellate>1</tessellate><coordinates>126.831203453,37.487729353,0 126.907564703,37.532204887,0</coordinates></LineString></Placemark><Placemark><name>s086_u003 to es2</name><styleUrl>#link</styleUrl><LineString><tessellate>1</tessellate><coordinates>127.011520393,37.590014632,0 127.062491433,37.561498612,0</coordinates></LineString></Placemark><Placemark><name>s086_u007 to es2</name><styleUrl>#link</styleUrl><LineString><tessellate>1</tessellate><coordinates>127.091054263,37.545249470,0 127.062491433,37.561498612,0</coordinates></LineString></Placemark><Placemark><name>s086_u029 to es2</name><styleUrl>#link</styleUrl><LineString><tessellate>1</tessellate><coordinates>127.017677714,37.513425164,0 127.062491433,37.561498612,0</coordinates></LineString></Placemark><Placemark><name>s086_u031 to es2</name><styleUrl>#link</styleUrl><LineString><tessellate>1</tessellate><coordinates>126.989021087,37.567385739,0 127.062491433,37.561498612,0</coordinates></LineString></Placemark><Placemark><name>s086_u033 to es2</name><styleUrl>#link</styleUrl><LineString><tessellate>1</tessellate><coordinates>127.082463682,37.563246449,0 127.062491433,37.561498612,0</coordinates></LineString></Placemark><Placemark><name>s086_u048 to es2</name><styleUrl>#link</styleUrl><LineString><tessellate>1</tessellate><coordinates>127.000238918,37.583207320,0 127.062491433,37.561498612,0</coordinates></LineString></Placemark></Document></kml>